Id,Name,Category,Created at,Updated at,Parent category,Partner
2691,programming,skills,2025-09-27 00:18:47 UTC,2025-09-27 00:18:47 UTC,,
2690,Java,skills,2025-09-27 00:18:47 UTC,2025-09-27 00:18:47 UTC,,
2689,Open-source data tools,skills,2025-09-03 15:49:59 UTC,2025-09-03 15:49:59 UTC,,
2688,Machine learning,skills,2025-09-03 15:49:59 UTC,2025-09-03 15:49:59 UTC,,
2687,Business case analysis,skills,2025-09-03 15:49:59 UTC,2025-09-03 15:49:59 UTC,,
2686,ETL pipelines,skills,2025-09-03 15:49:59 UTC,2025-09-03 15:49:59 UTC,,
2685,Exploratory data analysis,skills,2025-09-03 15:49:59 UTC,2025-09-03 15:49:59 UTC,,
2684,ChatGPT prompt engineering,skills,2025-09-03 15:49:59 UTC,2025-09-03 15:49:59 UTC,,`
2683,Tableau visualization,skills,2025-09-03 15:49:59 UTC,2025-09-03 15:49:59 UTC,,
2682,SQL querying,skills,2025-09-03 15:49:59 UTC,2025-09-03 15:49:59 UTC,,
2681,Python programming,skills,2025-09-03 15:49:59 UTC,2025-09-03 15:49:59 UTC,,
2680,Understading API's is a Plus,skills,2025-08-29 15:24:14 UTC,2025-08-29 15:24:14 UTC,,
2679,workflow logics,skills,2025-08-29 15:24:14 UTC,2025-08-29 15:24:14 UTC,,
2678,Basic understanding of AI,skills,2025-08-29 15:24:14 UTC,2025-08-29 15:24:14 UTC,,
2677,Interest in AI,skills,2025-08-29 15:24:14 UTC,2025-08-29 15:24:14 UTC,,
2676,Creativity,skills,2025-08-29 15:24:14 UTC,2025-08-29 15:24:14 UTC,,
2675,Common Sense,skills,2025-08-29 15:24:14 UTC,2025-08-29 15:24:14 UTC,,
2674,Data Management,skills,2025-08-27 15:11:18 UTC,2025-08-27 15:11:18 UTC,,
2673,Wordpress,skills,2025-08-27 13:59:21 UTC,2025-08-27 13:59:21 UTC,,
2672,Micosoft Teams,skills,2025-08-27 13:59:21 UTC,2025-08-27 13:59:21 UTC,,
2671,Salesforce,skills,2025-08-27 12:40:29 UTC,2025-08-27 12:40:29 UTC,,
2670,Data Vi,skills,2025-08-25 17:59:08 UTC,2025-08-25 17:59:08 UTC,,
2669,Shiny for Python,skills,2025-08-25 17:27:36 UTC,2025-08-25 17:27:36 UTC,,
2668,Shiny for R,skills,2025-08-25 17:27:36 UTC,2025-08-25 17:27:36 UTC,,
2667,API,skills,2025-08-25 17:27:36 UTC,2025-08-25 17:27:36 UTC,,
2666,Strategic decision support,skills,2025-08-20 15:13:20 UTC,2025-08-20 15:13:20 UTC,,
2665,Business intelligence,skills,2025-08-20 15:13:20 UTC,2025-08-20 15:13:20 UTC,,
2664,Spreadsheet modeling,skills,2025-08-20 15:13:20 UTC,2025-08-20 15:13:20 UTC,,
2663,Client presentation skills,skills,2025-08-20 15:13:20 UTC,2025-08-20 15:13:20 UTC,,
2662,Project planning,skills,2025-08-20 15:13:20 UTC,2025-08-20 15:13:20 UTC,,
2661,Communication skills,skills,2025-08-20 15:13:20 UTC,2025-08-20 15:13:20 UTC,,
2660,Team-based problem-solving,skills,2025-08-20 15:13:20 UTC,2025-08-20 15:13:20 UTC,,
2659,Data storytelling,skills,2025-08-20 15:13:20 UTC,2025-08-20 15:13:20 UTC,,
2658,Business case development,skills,2025-08-20 15:13:20 UTC,2025-08-20 15:13:20 UTC,,
2657,Statistical analysis,skills,2025-08-20 15:13:20 UTC,2025-08-20 15:13:20 UTC,,
2656,Dashboard creation,skills,2025-08-20 15:13:20 UTC,2025-08-20 15:13:20 UTC,,
2655,Prescriptive analytics,skills,2025-08-20 15:13:19 UTC,2025-08-20 15:13:19 UTC,,
2654,Predictive modeling,skills,2025-08-20 15:13:19 UTC,2025-08-20 15:13:19 UTC,,
2653,Data cleaning,skills,2025-08-20 15:13:19 UTC,2025-08-20 15:13:19 UTC,,
2652,Communications Audit,skills,2025-08-14 20:32:20 UTC,2025-08-14 20:32:20 UTC,,
2651,Media planning,skills,2025-08-14 20:32:20 UTC,2025-08-14 20:32:20 UTC,,
2650,Messaging development,skills,2025-08-14 20:32:20 UTC,2025-08-14 20:32:20 UTC,,
2649,Competitive analysis,skills,2025-08-14 20:32:20 UTC,2025-08-14 20:32:20 UTC,,
2648,Content strategy,skills,2025-08-14 20:32:20 UTC,2025-08-14 20:32:20 UTC,,
2647,Digital marketing,skills,2025-08-14 20:32:20 UTC,2025-08-14 20:32:20 UTC,,
2646,Report writing,skills,2025-08-14 20:32:20 UTC,2025-08-14 20:32:20 UTC,,
2645,Presentation skills,skills,2025-08-14 20:32:20 UTC,2025-08-14 20:32:20 UTC,,
2644,PR strategy,skills,2025-08-14 20:32:20 UTC,2025-08-14 20:32:20 UTC,,
2643,Marketing analytics,skills,2025-08-14 20:32:20 UTC,2025-08-14 20:32:20 UTC,,
2642,Campaign development,skills,2025-08-14 20:32:20 UTC,2025-08-14 20:32:20 UTC,,
2641,Consumer research,skills,2025-08-14 20:32:20 UTC,2025-08-14 20:32:20 UTC,,
2640,Brand strategy,skills,2025-08-14 20:32:20 UTC,2025-08-14 20:32:20 UTC,,
2639,Strategic communication planning,skills,2025-08-14 20:32:20 UTC,2025-08-14 20:32:20 UTC,,
2638,Product Development,skills,2025-08-10 06:06:49 UTC,2025-08-10 06:06:49 UTC,,
2637,Design,skills,2025-08-10 06:06:49 UTC,2025-08-10 06:06:49 UTC,,
2636,Data Science,skills,2025-08-10 06:06:49 UTC,2025-08-10 06:06:49 UTC,,
2635,AI/ML Development,skills,2025-08-10 06:06:49 UTC,2025-08-10 06:06:49 UTC,,
2634,Documentation and training,skills,2025-08-08 19:14:19 UTC,2025-08-08 19:14:19 UTC,,
2633,Technical support,skills,2025-08-08 19:14:19 UTC,2025-08-08 19:14:19 UTC,,
2632,Version control (Git),skills,2025-08-08 19:14:19 UTC,2025-08-08 19:14:19 UTC,,
2631,Change management,skills,2025-08-08 19:14:19 UTC,2025-08-08 19:14:19 UTC,,
2630,Business process mapping,skills,2025-08-08 19:14:19 UTC,2025-08-08 19:14:19 UTC,,
2629,Full-stack engineering,skills,2025-08-08 19:14:19 UTC,2025-08-08 19:14:19 UTC,,
2628,Back-end development,skills,2025-08-08 19:14:19 UTC,2025-08-08 19:14:19 UTC,,
2627,Front-end development,skills,2025-08-08 19:14:19 UTC,2025-08-08 19:14:19 UTC,,
2626,API integration,skills,2025-08-08 19:14:19 UTC,2025-08-08 19:14:19 UTC,,
2625,Testing and quality assurance,skills,2025-08-08 19:14:19 UTC,2025-08-08 19:14:19 UTC,,
2624,Workflow automation,skills,2025-08-08 19:14:19 UTC,2025-08-08 19:14:19 UTC,,
2623,Risk analysis,skills,2025-08-08 19:14:19 UTC,2025-08-08 19:14:19 UTC,,
2622,Stakeholder communication,skills,2025-08-08 19:14:19 UTC,2025-08-08 19:14:19 UTC,,
2621,Requirements gathering,skills,2025-08-08 19:14:19 UTC,2025-08-08 19:14:19 UTC,,
2620,Data visualization,skills,2025-08-08 19:14:19 UTC,2025-08-08 19:14:19 UTC,,
2619,Dashboard design,skills,2025-08-08 19:14:19 UTC,2025-08-08 19:14:19 UTC,,
2618,Gantt chart creation,skills,2025-08-08 19:14:19 UTC,2025-08-08 19:14:19 UTC,,
2617,Kanban boards,skills,2025-08-08 19:14:19 UTC,2025-08-08 19:14:19 UTC,,
2616,Scrum framework,skills,2025-08-08 19:14:19 UTC,2025-08-08 19:14:19 UTC,,
2615,Agile methodology,skills,2025-08-08 19:14:19 UTC,2025-08-08 19:14:19 UTC,,
2614,Wireframing,skills,2025-08-08 19:14:19 UTC,2025-08-08 19:14:19 UTC,,
2613,UI/UX prototyping,skills,2025-08-08 19:14:19 UTC,2025-08-08 19:14:19 UTC,,
2612,Cybersecurity awareness,skills,2025-08-08 19:14:19 UTC,2025-08-08 19:14:19 UTC,,
2611,ERP system configuration,skills,2025-08-08 19:14:19 UTC,2025-08-08 19:14:19 UTC,,
2610,CRM implementation,skills,2025-08-08 19:14:19 UTC,2025-08-08 19:14:19 UTC,,
2609,Mobile app development,skills,2025-08-08 19:14:19 UTC,2025-08-08 19:14:19 UTC,,
2608,Cloud-based application development,skills,2025-08-08 19:14:19 UTC,2025-08-08 19:14:19 UTC,,
2607,Microsoft Access,skills,2025-08-08 19:14:19 UTC,2025-08-08 19:14:19 UTC,,
2606,Database architecture,skills,2025-08-08 19:14:19 UTC,2025-08-08 19:14:19 UTC,,
2605,Systems design,skills,2025-08-08 19:14:19 UTC,2025-08-08 19:14:19 UTC,,
2604,Systems analysis,skills,2025-08-08 19:14:19 UTC,2025-08-08 19:14:19 UTC,,
2603,Software development,skills,2025-08-08 19:14:19 UTC,2025-08-08 19:14:19 UTC,,
2602,Business analysis,skills,2025-08-08 19:14:19 UTC,2025-08-08 19:14:19 UTC,,
2601,Data analysis,skills,2025-08-08 19:14:19 UTC,2025-08-08 19:14:19 UTC,,
2600,Microsoft Project,skills,2025-08-08 19:14:18 UTC,2025-08-08 19:14:18 UTC,,
2599,Technical documentation,skills,2025-08-08 19:14:18 UTC,2025-08-08 19:14:18 UTC,,
2598,Project management,skills,2025-08-08 19:14:18 UTC,2025-08-08 19:14:18 UTC,,
2597,consulting frameworks,skills,2025-08-07 22:15:47 UTC,2025-08-07 22:15:47 UTC,,
2596,agile methodologies,skills,2025-08-07 22:15:47 UTC,2025-08-07 22:15:47 UTC,,
2595,client engagement,skills,2025-08-07 22:15:47 UTC,2025-08-07 22:15:47 UTC,,
2594,professional communication,skills,2025-08-07 22:15:47 UTC,2025-08-07 22:15:47 UTC,,
2593,customer journey mapping,skills,2025-08-07 22:15:47 UTC,2025-08-07 22:15:47 UTC,,
2592,DEI strategy,skills,2025-08-07 22:15:47 UTC,2025-08-07 22:15:47 UTC,,
2591,product development,skills,2025-08-07 22:15:47 UTC,2025-08-07 22:15:47 UTC,,
2590,innovation strategy,skills,2025-08-07 22:15:47 UTC,2025-08-07 22:15:47 UTC,,
2589,corporate social responsibility,skills,2025-08-07 22:15:47 UTC,2025-08-07 22:15:47 UTC,,
2588,ESG reporting,skills,2025-08-07 22:15:47 UTC,2025-08-07 22:15:47 UTC,,
2587,sustainability strategy,skills,2025-08-07 22:15:47 UTC,2025-08-07 22:15:47 UTC,,
2586,leadership strategy,skills,2025-08-07 22:15:47 UTC,2025-08-07 22:15:47 UTC,,
2585,talent development,skills,2025-08-07 22:15:47 UTC,2025-08-07 22:15:47 UTC,,
2584,HR analytics,skills,2025-08-07 22:15:47 UTC,2025-08-07 22:15:47 UTC,,
2583,performance measurement,skills,2025-08-07 22:15:47 UTC,2025-08-07 22:15:47 UTC,,
2582,pitch development,skills,2025-08-07 22:15:47 UTC,2025-08-07 22:15:47 UTC,,
2581,business writing,skills,2025-08-07 22:15:47 UTC,2025-08-07 22:15:47 UTC,,
2580,UX analysis,skills,2025-08-07 22:15:47 UTC,2025-08-07 22:15:47 UTC,,
2579,stakeholder communication,skills,2025-08-07 22:15:47 UTC,2025-08-07 22:15:47 UTC,,
2578,go-to-market strategy,skills,2025-08-07 22:15:47 UTC,2025-08-07 22:15:47 UTC,,
2577,pricing strategy,skills,2025-08-07 22:15:47 UTC,2025-08-07 22:15:47 UTC,,
2576,supply chain analysis,skills,2025-08-07 22:15:47 UTC,2025-08-07 22:15:47 UTC,,
2575,business process improvement,skills,2025-08-07 22:15:47 UTC,2025-08-07 22:15:47 UTC,,
2574,change management,skills,2025-08-07 22:15:47 UTC,2025-08-07 22:15:47 UTC,,
2573,competitive analysis,skills,2025-08-07 22:15:47 UTC,2025-08-07 22:15:47 UTC,,
2572,Power BI,skills,2025-08-07 22:15:47 UTC,2025-08-07 22:15:47 UTC,,
2571,data visualization,skills,2025-08-07 22:15:47 UTC,2025-08-07 22:15:47 UTC,,
2570,Excel modeling,skills,2025-08-07 22:15:46 UTC,2025-08-07 22:15:46 UTC,,
2569,KPI development,skills,2025-08-07 22:15:46 UTC,2025-08-07 22:15:46 UTC,,
2568,project management,skills,2025-08-07 22:15:46 UTC,2025-08-07 22:15:46 UTC,,
2567,operations management,skills,2025-08-07 22:15:46 UTC,2025-08-07 22:15:46 UTC,,
2566,sales strategy,skills,2025-08-07 22:15:46 UTC,2025-08-07 22:15:46 UTC,,
2565,customer segmentation,skills,2025-08-07 22:15:46 UTC,2025-08-07 22:15:46 UTC,,
2564,CRM optimization,skills,2025-08-07 22:15:46 UTC,2025-08-07 22:15:46 UTC,,
2563,SEM,skills,2025-08-07 22:15:46 UTC,2025-08-07 22:15:46 UTC,,
2562,digital marketing,skills,2025-08-07 22:15:46 UTC,2025-08-07 22:15:46 UTC,,
2561,market research,skills,2025-08-07 22:15:46 UTC,2025-08-07 22:15:46 UTC,,
2560,budgeting,skills,2025-08-07 22:15:46 UTC,2025-08-07 22:15:46 UTC,,
2559,financial analysis,skills,2025-08-07 22:15:46 UTC,2025-08-07 22:15:46 UTC,,
2558,Strategic planning,skills,2025-08-07 22:15:46 UTC,2025-08-07 22:15:46 UTC,,
2557,PR,skills,2025-07-25 21:37:20 UTC,2025-07-25 21:37:20 UTC,,
2556,social media,skills,2025-07-25 21:37:20 UTC,2025-07-25 21:37:20 UTC,,
2555,Marketing,skills,2025-07-25 21:37:20 UTC,2025-07-25 21:37:20 UTC,,
2554,Product Pitching,skills,2025-07-25 19:51:19 UTC,2025-07-25 19:51:19 UTC,,
2553,Business Case Development,skills,2025-07-25 19:51:19 UTC,2025-07-25 19:51:19 UTC,,
2552,Industry & Market Research,skills,2025-07-25 19:51:19 UTC,2025-07-25 19:51:19 UTC,,
2551,Procurement,skills,2025-07-25 19:51:19 UTC,2025-07-25 19:51:19 UTC,,
2550,Vendor & Supplier Coordination,skills,2025-07-25 19:51:19 UTC,2025-07-25 19:51:19 UTC,,
2549,Product Lifecycle Management (PLM),skills,2025-07-25 19:51:19 UTC,2025-07-25 19:51:19 UTC,,
2548,Risk Analysis,skills,2025-07-25 19:51:19 UTC,2025-07-25 19:51:19 UTC,,
2547,Gantt Charts,skills,2025-07-25 19:51:19 UTC,2025-07-25 19:51:19 UTC,,
2546,Microsoft Excel for Engineering,skills,2025-07-25 19:51:19 UTC,2025-07-25 19:51:19 UTC,,
2545,Notion),skills,2025-07-25 19:51:19 UTC,2025-07-25 19:51:19 UTC,,
2544,Jira,skills,2025-07-25 19:51:19 UTC,2025-07-25 19:51:19 UTC,,
2543,Trello,skills,2025-07-25 19:51:19 UTC,2025-07-25 19:51:19 UTC,,
2542,Team Collaboration Tools (Slack,skills,2025-07-25 19:51:19 UTC,2025-07-25 19:51:19 UTC,,
2541,Professional Email Communication,skills,2025-07-25 19:51:19 UTC,2025-07-25 19:51:19 UTC,,
2540,Engineering Consulting,skills,2025-07-25 19:51:19 UTC,2025-07-25 19:51:19 UTC,,
2539,Batteries & Power Systems,skills,2025-07-25 19:51:19 UTC,2025-07-25 19:51:19 UTC,,
2538,Renewable Energy Systems,skills,2025-07-25 19:51:19 UTC,2025-07-25 19:51:19 UTC,,
2537,Energy Systems,skills,2025-07-25 19:51:19 UTC,2025-07-25 19:51:19 UTC,,
2536,ASTM),skills,2025-07-25 19:51:19 UTC,2025-07-25 19:51:19 UTC,,
2535,ISO,skills,2025-07-25 19:51:19 UTC,2025-07-25 19:51:19 UTC,,
2534,Engineering Standards (ASME,skills,2025-07-25 19:51:19 UTC,2025-07-25 19:51:19 UTC,,
2533,Environmental Impact Assessment,skills,2025-07-25 19:51:19 UTC,2025-07-25 19:51:19 UTC,,
2532,Life Cycle Assessment (LCA),skills,2025-07-25 19:51:19 UTC,2025-07-25 19:51:19 UTC,,
2531,Sustainability Engineering,skills,2025-07-25 19:51:19 UTC,2025-07-25 19:51:19 UTC,,
2530,User-Centered Design,skills,2025-07-25 19:51:19 UTC,2025-07-25 19:51:19 UTC,,
2529,Communication with Non-Engineers,skills,2025-07-25 19:51:19 UTC,2025-07-25 19:51:19 UTC,,
2528,Scrum Framework,skills,2025-07-25 19:51:19 UTC,2025-07-25 19:51:19 UTC,,
2527,Agile Methodology,skills,2025-07-25 19:51:19 UTC,2025-07-25 19:51:19 UTC,,
2526,Time Management,skills,2025-07-25 19:51:19 UTC,2025-07-25 19:51:19 UTC,,
2525,Interdisciplinary Collaboration,skills,2025-07-25 19:51:19 UTC,2025-07-25 19:51:19 UTC,,
2524,IP & Patent Research,skills,2025-07-25 19:51:19 UTC,2025-07-25 19:51:19 UTC,,
2523,Safety Engineering,skills,2025-07-25 19:51:19 UTC,2025-07-25 19:51:19 UTC,,
2522,Engineering Ethics,skills,2025-07-25 19:51:19 UTC,2025-07-25 19:51:19 UTC,,
2521,Technical Presentations,skills,2025-07-25 19:51:19 UTC,2025-07-25 19:51:19 UTC,,
2520,Engineering Reports,skills,2025-07-25 19:51:19 UTC,2025-07-25 19:51:19 UTC,,
2519,Experimental Design,skills,2025-07-25 19:51:19 UTC,2025-07-25 19:51:19 UTC,,
2518,Testing & Validation,skills,2025-07-25 19:51:19 UTC,2025-07-25 19:51:19 UTC,,
2517,Signal Processing,skills,2025-07-25 19:51:19 UTC,2025-07-25 19:51:19 UTC,,
2516,NI DAQ Systems,skills,2025-07-25 19:51:18 UTC,2025-07-25 19:51:18 UTC,,
2515,Hydraulics,skills,2025-07-25 19:51:18 UTC,2025-07-25 19:51:18 UTC,,
2514,Pneumatics,skills,2025-07-25 19:51:18 UTC,2025-07-25 19:51:18 UTC,,
2513,Actuator Design,skills,2025-07-25 19:51:18 UTC,2025-07-25 19:51:18 UTC,,
2512,Motion Control,skills,2025-07-25 19:51:18 UTC,2025-07-25 19:51:18 UTC,,
2511,Mechatronics,skills,2025-07-25 19:51:18 UTC,2025-07-25 19:51:18 UTC,,
2510,Data Acquisition (DAQ),skills,2025-07-25 19:51:18 UTC,2025-07-25 19:51:18 UTC,,
2509,Sensors & Instrumentation,skills,2025-07-25 19:51:18 UTC,2025-07-25 19:51:18 UTC,,
2508,Electrical Wiring & Circuit Design,skills,2025-07-25 19:51:18 UTC,2025-07-25 19:51:18 UTC,,
2507,Python for Engineering,skills,2025-07-25 19:51:18 UTC,2025-07-25 19:51:18 UTC,,
2506,HVAC Load Calculations,skills,2025-07-25 19:51:18 UTC,2025-07-25 19:51:18 UTC,,
2505,Pumps & Piping Systems,skills,2025-07-25 19:51:18 UTC,2025-07-25 19:51:18 UTC,,
2504,HVAC Systems,skills,2025-07-25 19:51:18 UTC,2025-07-25 19:51:18 UTC,,
2503,Fluid Dynamics Simulation,skills,2025-07-25 19:51:18 UTC,2025-07-25 19:51:18 UTC,,
2502,Fluid Mechanics,skills,2025-07-25 19:51:18 UTC,2025-07-25 19:51:18 UTC,,
2501,Heat Transfer,skills,2025-07-25 19:51:18 UTC,2025-07-25 19:51:18 UTC,,
2500,Thermal Systems Design,skills,2025-07-25 19:51:18 UTC,2025-07-25 19:51:18 UTC,,
2499,Quality Engineering,skills,2025-07-25 19:51:18 UTC,2025-07-25 19:51:18 UTC,,
2498,Failure Mode & Effects Analysis (FMEA),skills,2025-07-25 19:51:18 UTC,2025-07-25 19:51:18 UTC,,
2497,Cost Estimation,skills,2025-07-25 19:51:18 UTC,2025-07-25 19:51:18 UTC,,
2496,Engineering Economics,skills,2025-07-25 19:51:18 UTC,2025-07-25 19:51:18 UTC,,
2495,DFA (Design for Assembly),skills,2025-07-25 19:51:18 UTC,2025-07-25 19:51:18 UTC,,
2494,DFM (Design for Manufacturing),skills,2025-07-25 19:51:18 UTC,2025-07-25 19:51:18 UTC,,
2493,Injection Molding,skills,2025-07-25 19:51:18 UTC,2025-07-25 19:51:18 UTC,,
2492,CNC Machining,skills,2025-07-25 19:51:18 UTC,2025-07-25 19:51:18 UTC,,
2491,Manufacturing Processes,skills,2025-07-25 19:51:18 UTC,2025-07-25 19:51:18 UTC,,
2490,Material Selection,skills,2025-07-25 19:51:18 UTC,2025-07-25 19:51:18 UTC,,
2489,Mechanism Design,skills,2025-07-25 19:51:18 UTC,2025-07-25 19:51:18 UTC,,
2488,Kinematics & Dynamics,skills,2025-07-25 19:51:18 UTC,2025-07-25 19:51:18 UTC,,
2487,Machine Design,skills,2025-07-25 19:51:18 UTC,2025-07-25 19:51:18 UTC,,
2486,Geometric Dimensioning and Tolerancing (GD&T),skills,2025-07-25 19:51:18 UTC,2025-07-25 19:51:18 UTC,,
2485,Tolerance Stack-up Analysis,skills,2025-07-25 19:51:18 UTC,2025-07-25 19:51:18 UTC,,
2484,Engineering Drawing & Documentation,skills,2025-07-25 19:51:18 UTC,2025-07-25 19:51:18 UTC,,
2483,COMSOL Multiphysics,skills,2025-07-25 19:51:18 UTC,2025-07-25 19:51:18 UTC,,
2482,ANSYS,skills,2025-07-25 19:51:18 UTC,2025-07-25 19:51:18 UTC,,
2481,3D Printing,skills,2025-07-25 19:51:18 UTC,2025-07-25 19:51:18 UTC,,
2480,AutoCAD,skills,2025-07-25 19:51:18 UTC,2025-07-25 19:51:18 UTC,,
2479,Fusion 360,skills,2025-07-25 19:51:18 UTC,2025-07-25 19:51:18 UTC,,
2478,SolidWorks,skills,2025-07-25 19:51:18 UTC,2025-07-25 19:51:18 UTC,,
2477,3D CAD Modeling,skills,2025-07-25 19:51:18 UTC,2025-07-25 19:51:18 UTC,,
2476,Mechanical Design,skills,2025-07-25 19:51:18 UTC,2025-07-25 19:51:18 UTC,,
2475,Software Testing,skills,2025-07-21 21:58:42 UTC,2025-07-21 21:58:42 UTC,,
2474,Data Wrangling,skills,2025-07-21 21:58:42 UTC,2025-07-21 21:58:42 UTC,,
2473,Neural Networks,skills,2025-07-21 21:58:42 UTC,2025-07-21 21:58:42 UTC,,
2472,Clustering Techniques,skills,2025-07-21 21:58:42 UTC,2025-07-21 21:58:42 UTC,,
2471,Regression Analysis,skills,2025-07-21 21:58:42 UTC,2025-07-21 21:58:42 UTC,,
2470,Classification Algorithms,skills,2025-07-21 21:58:42 UTC,2025-07-21 21:58:42 UTC,,
2469,Machine Learning Pipelines,skills,2025-07-21 21:58:42 UTC,2025-07-21 21:58:42 UTC,,
2468,Feature Engineering,skills,2025-07-21 21:58:42 UTC,2025-07-21 21:58:42 UTC,,
2467,Model Evaluation,skills,2025-07-21 21:58:42 UTC,2025-07-21 21:58:42 UTC,,
2466,Agile Development,skills,2025-07-21 21:58:42 UTC,2025-07-21 21:58:42 UTC,,
2465,VS Code,skills,2025-07-21 21:58:42 UTC,2025-07-21 21:58:42 UTC,,
2464,Linux,skills,2025-07-21 21:58:42 UTC,2025-07-21 21:58:42 UTC,,
2463,Docker,skills,2025-07-21 21:58:42 UTC,2025-07-21 21:58:42 UTC,,
2462,Flask,skills,2025-07-21 21:58:42 UTC,2025-07-21 21:58:42 UTC,,
2461,JSON,skills,2025-07-21 21:58:42 UTC,2025-07-21 21:58:42 UTC,,
2460,REST APIs,skills,2025-07-21 21:58:42 UTC,2025-07-21 21:58:42 UTC,,
2459,Data Cleaning,skills,2025-07-21 21:58:42 UTC,2025-07-21 21:58:42 UTC,,
2458,GitHub,skills,2025-07-21 21:58:42 UTC,2025-07-21 21:58:42 UTC,,
2457,Git,skills,2025-07-21 21:58:42 UTC,2025-07-21 21:58:42 UTC,,
2456,Jupyter Notebooks,skills,2025-07-21 21:58:42 UTC,2025-07-21 21:58:42 UTC,,
2455,NumPy,skills,2025-07-21 21:58:42 UTC,2025-07-21 21:58:42 UTC,,
2454,Pandas,skills,2025-07-21 21:58:42 UTC,2025-07-21 21:58:42 UTC,,
2453,PyTorch,skills,2025-07-21 21:58:42 UTC,2025-07-21 21:58:42 UTC,,
2452,TensorFlow,skills,2025-07-21 21:58:42 UTC,2025-07-21 21:58:42 UTC,,
2451,Scikit-learn,skills,2025-07-21 21:58:42 UTC,2025-07-21 21:58:42 UTC,,
2450,KPI Development,skills,2025-06-30 19:49:52 UTC,2025-06-30 19:49:52 UTC,,
2449,Trend Analysis,skills,2025-06-30 19:49:52 UTC,2025-06-30 19:49:52 UTC,,
2448,Customer Journey Mapping,skills,2025-06-30 19:49:52 UTC,2025-06-30 19:49:52 UTC,,
2447,Benchmarking,skills,2025-06-30 19:49:52 UTC,2025-06-30 19:49:52 UTC,,
2446,Performance Management,skills,2025-06-30 19:49:52 UTC,2025-06-30 19:49:52 UTC,,
2445,Stakeholder Interviewing,skills,2025-06-30 19:49:52 UTC,2025-06-30 19:49:52 UTC,,
2444,Strategic Planning,skills,2025-06-30 19:49:52 UTC,2025-06-30 19:49:52 UTC,,
2443,Microsoft Office,skills,2025-06-26 17:14:55 UTC,2025-06-26 17:14:55 UTC,,
2442,International Relations,skills,2025-06-26 17:14:55 UTC,2025-06-26 17:14:55 UTC,,
2431,Industry Trend Analysis,skills,2025-06-25 17:38:48 UTC,2025-06-25 17:38:48 UTC,,
2430,Primary Research,skills,2025-06-25 17:38:48 UTC,2025-06-25 17:38:48 UTC,,
2429,Slide Deck Development,skills,2025-06-25 17:38:48 UTC,2025-06-25 17:38:48 UTC,,
2428,Google Workspace,skills,2025-06-25 17:38:48 UTC,2025-06-25 17:38:48 UTC,,
2427,Strategic Storytelling,skills,2025-06-25 17:38:48 UTC,2025-06-25 17:38:48 UTC,,
2426,Blue Ocean Strategy,skills,2025-06-25 17:38:48 UTC,2025-06-25 17:38:48 UTC,,
2425,Financial Forecasting,skills,2025-06-25 17:38:48 UTC,2025-06-25 17:38:48 UTC,,
2424,Business Model Design,skills,2025-06-25 17:38:48 UTC,2025-06-25 17:38:48 UTC,,
2423,Omnichannel Retail,skills,2025-06-25 17:38:48 UTC,2025-06-25 17:38:48 UTC,,
2422,E-Commerce Expansion,skills,2025-06-25 17:38:48 UTC,2025-06-25 17:38:48 UTC,,
2421,Digital Marketing,skills,2025-06-25 17:38:48 UTC,2025-06-25 17:38:48 UTC,,
2420,Product Positioning,skills,2025-06-25 17:38:48 UTC,2025-06-25 17:38:48 UTC,,
2419,Competitive Benchmarking,skills,2025-06-25 17:38:48 UTC,2025-06-25 17:38:48 UTC,,
2418,SWOT Analysis,skills,2025-06-25 17:38:47 UTC,2025-06-25 17:38:47 UTC,,
2417,Customer Interviews,skills,2025-06-25 17:38:47 UTC,2025-06-25 17:38:47 UTC,,
2416,Market Segmentation,skills,2025-06-25 17:38:47 UTC,2025-06-25 17:38:47 UTC,,
2415,project,skills,2025-06-18 20:05:16 UTC,2025-06-18 20:05:16 UTC,,
2414,ArcGIS,skills,2025-06-18 20:05:16 UTC,2025-06-18 20:05:16 UTC,,
2413,spatial,skills,2025-06-18 20:05:16 UTC,2025-06-18 20:05:16 UTC,,
2412,zoning,skills,2025-06-18 20:05:16 UTC,2025-06-18 20:05:16 UTC,,
2411,housing,skills,2025-06-18 20:05:16 UTC,2025-06-18 20:05:16 UTC,,
2410,Urban,skills,2025-06-18 20:05:16 UTC,2025-06-18 20:05:16 UTC,,
2409,CRM,skills,2025-06-10 16:49:00 UTC,2025-06-10 16:49:00 UTC,,
2408,Google,skills,2025-06-10 16:49:00 UTC,2025-06-10 16:49:00 UTC,,
2407,Microsoft,skills,2025-06-10 16:49:00 UTC,2025-06-10 16:49:00 UTC,,
2406,Impact,skills,2025-06-10 16:49:00 UTC,2025-06-10 16:49:00 UTC,,
2405,Interviewing,skills,2025-06-10 16:49:00 UTC,2025-06-10 16:49:00 UTC,,
2404,Business,skills,2025-06-10 16:49:00 UTC,2025-06-10 16:49:00 UTC,,
2403,pricing,skills,2025-06-10 16:49:00 UTC,2025-06-10 16:49:00 UTC,,
2402,Financial,skills,2025-06-10 16:49:00 UTC,2025-06-10 16:49:00 UTC,,
2401,Competitive,skills,2025-06-10 16:49:00 UTC,2025-06-10 16:49:00 UTC,,
2400,Market,skills,2025-06-10 16:49:00 UTC,2025-06-10 16:49:00 UTC,,
2399,Python libraries,skills,2025-05-31 02:43:43 UTC,2025-05-31 02:43:43 UTC,,
2398,informative dashboards or visual summaries using Tableau,skills,2025-05-31 02:43:43 UTC,2025-05-31 02:43:43 UTC,,
2396,Danger Assessment),skills,2025-05-31 02:43:43 UTC,2025-05-31 02:43:43 UTC,,
2395,risk models (e.g.,skills,2025-05-31 02:43:42 UTC,2025-05-31 02:43:42 UTC,,
2394,"or classification.

    Public Health or Social Policy Background: Knowledge of domestic violence dynamics",skills,2025-05-31 02:43:42 UTC,2025-05-31 02:43:42 UTC,,
2393,sentiment analysis,skills,2025-05-31 02:43:42 UTC,2025-05-31 02:43:42 UTC,,
2392,"especially regarding vulnerable populations and trauma-informed work.

Beneficial Skills

    Natural Language Processing (NLP): Ability to extract insights from narrative fields in incident reports using techniques like topic modeling",skills,2025-05-31 02:43:42 UTC,2025-05-31 02:43:42 UTC,,
2391,and confidentiality,skills,2025-05-31 02:43:42 UTC,2025-05-31 02:43:42 UTC,,
2390,data security,skills,2025-05-31 02:43:42 UTC,2025-05-31 02:43:42 UTC,,
2389,"or violence prevention.

    Data Ethics and Privacy Awareness: Understanding of research ethics",skills,2025-05-31 02:43:42 UTC,2025-05-31 02:43:42 UTC,,
2388,criminology,skills,2025-05-31 02:43:42 UTC,2025-05-31 02:43:42 UTC,,
2387,especially in public health,skills,2025-05-31 02:43:42 UTC,2025-05-31 02:43:42 UTC,,
2386,and methodologies,skills,2025-05-31 02:43:42 UTC,2025-05-31 02:43:42 UTC,,
2385,hypotheses,skills,2025-05-31 02:43:42 UTC,2025-05-31 02:43:42 UTC,,
2384,"or Stata) for analyzing structured datasets and identifying patterns and correlations.

    Research Design: Experience formulating research questions",skills,2025-05-31 02:43:42 UTC,2025-05-31 02:43:42 UTC,,
2383,SPSS,skills,2025-05-31 02:43:42 UTC,2025-05-31 02:43:42 UTC,,
2382,R,skills,2025-05-31 02:43:42 UTC,2025-05-31 02:43:42 UTC,,
2381,"Essential Skills

    Quantitative Analysis: Familiarity with statistical software (e.g.",skills,2025-05-31 02:43:42 UTC,2025-05-31 02:43:42 UTC,,
2380,Political,skills,2025-05-30 20:15:40 UTC,2025-05-30 20:15:40 UTC,,
2379,Advocacy,skills,2025-05-30 20:15:40 UTC,2025-05-30 20:15:40 UTC,,
2378,DEI,skills,2025-05-30 19:55:44 UTC,2025-05-30 19:55:44 UTC,,
2377,Strategic,skills,2025-05-30 19:55:44 UTC,2025-05-30 19:55:44 UTC,,
2376,Legal,skills,2025-05-30 19:55:44 UTC,2025-05-30 19:55:44 UTC,,
2375,Public,skills,2025-05-30 19:47:55 UTC,2025-05-30 19:47:55 UTC,,
2374,Messaging,skills,2025-05-30 19:47:55 UTC,2025-05-30 19:47:55 UTC,,
2373,Civic,skills,2025-05-30 19:47:55 UTC,2025-05-30 19:47:55 UTC,,
2372,Community,skills,2025-05-30 19:47:55 UTC,2025-05-30 19:47:55 UTC,,
2371,•,skills,2025-05-30 19:47:55 UTC,2025-05-30 19:47:55 UTC,,
2370,Policy,skills,2025-05-30 19:47:55 UTC,2025-05-30 19:47:55 UTC,,
2369,Tariffs,skills,2025-05-29 20:24:02 UTC,2025-05-29 20:24:02 UTC,,
2368,ERP,skills,2025-05-29 20:24:02 UTC,2025-05-29 20:24:02 UTC,,
2367,Supply Chain Management,skills,2025-05-29 20:24:02 UTC,2025-05-29 20:24:02 UTC,,
2366,Stakeholder Analysis,skills,2025-05-28 17:56:07 UTC,2025-05-28 17:56:07 UTC,,
2365,Survey Design (if applicable),skills,2025-05-28 17:56:07 UTC,2025-05-28 17:56:07 UTC,,
2364,Academic-to-Professional Translation,skills,2025-05-28 17:56:07 UTC,2025-05-28 17:56:07 UTC,,
2363,Executive Communication,skills,2025-05-28 17:56:06 UTC,2025-05-28 17:56:06 UTC,,
2362,Data Sourcing,skills,2025-05-28 17:56:06 UTC,2025-05-28 17:56:06 UTC,,
2361,Financial Memo Writing,skills,2025-05-28 17:56:06 UTC,2025-05-28 17:56:06 UTC,,
2360,Compliance Strategy,skills,2025-05-28 17:56:06 UTC,2025-05-28 17:56:06 UTC,,
2359,Internal Controls,skills,2025-05-28 17:56:06 UTC,2025-05-28 17:56:06 UTC,,
2358,Risk Disclosures,skills,2025-05-28 17:56:06 UTC,2025-05-28 17:56:06 UTC,,
2357,ABI/Inform,skills,2025-05-28 17:56:06 UTC,2025-05-28 17:56:06 UTC,,
2356,Accounting Research Manager,skills,2025-05-28 17:56:06 UTC,2025-05-28 17:56:06 UTC,,
2355,Policy Analysis,skills,2025-05-28 17:56:06 UTC,2025-05-28 17:56:06 UTC,,
2354,Professional Standards Research,skills,2025-05-28 17:56:06 UTC,2025-05-28 17:56:06 UTC,,
2353,Ethics in Accounting,skills,2025-05-28 17:56:06 UTC,2025-05-28 17:56:06 UTC,,
2352,SEC Reporting,skills,2025-05-28 17:56:06 UTC,2025-05-28 17:56:06 UTC,,
2351,IFRS Comparison,skills,2025-05-28 17:56:06 UTC,2025-05-28 17:56:06 UTC,,
2350,GAAP Interpretation,skills,2025-05-28 17:56:06 UTC,2025-05-28 17:56:06 UTC,,
2349,Accounting Literature Review,skills,2025-05-28 17:56:06 UTC,2025-05-28 17:56:06 UTC,,
2348,Financial Communication,skills,2025-05-28 17:48:03 UTC,2025-05-28 17:48:03 UTC,,
2347,Google Sheets,skills,2025-05-28 17:48:03 UTC,2025-05-28 17:48:03 UTC,,
2346,Performance Dashboards,skills,2025-05-28 17:48:03 UTC,2025-05-28 17:48:03 UTC,,
2345,Net Present Value,skills,2025-05-28 17:48:03 UTC,2025-05-28 17:48:03 UTC,,
2344,Internal Rate of Return,skills,2025-05-28 17:48:03 UTC,2025-05-28 17:48:03 UTC,,
2343,Financial Projections,skills,2025-05-28 17:48:03 UTC,2025-05-28 17:48:03 UTC,,
2342,Capital Budgeting,skills,2025-05-28 17:48:03 UTC,2025-05-28 17:48:03 UTC,,
2341,Contribution Margin,skills,2025-05-28 17:48:03 UTC,2025-05-28 17:48:03 UTC,,
2340,Break-Even Analysis,skills,2025-05-28 17:48:03 UTC,2025-05-28 17:48:03 UTC,,
2339,Time Value of Money,skills,2025-05-28 17:48:03 UTC,2025-05-28 17:48:03 UTC,,
2338,Differential Costing,skills,2025-05-28 17:48:03 UTC,2025-05-28 17:48:03 UTC,,
2337,Variance Analysis,skills,2025-05-28 17:48:03 UTC,2025-05-28 17:48:03 UTC,,
2336,Budgeting Models,skills,2025-05-28 17:48:03 UTC,2025-05-28 17:48:03 UTC,,
2335,Activity-Based Costing,skills,2025-05-28 17:48:02 UTC,2025-05-28 17:48:02 UTC,,
2334,Process Costing,skills,2025-05-28 17:48:02 UTC,2025-05-28 17:48:02 UTC,,
2333,Job Order Costing,skills,2025-05-28 17:48:02 UTC,2025-05-28 17:48:02 UTC,,
2332,Microsoft Excel,skills,2025-05-28 17:34:47 UTC,2025-05-28 17:34:47 UTC,,
2331,Google Slides,skills,2025-05-28 17:34:47 UTC,2025-05-28 17:34:47 UTC,,
2330,Supply Chain Infrastructure,skills,2025-05-28 17:34:47 UTC,2025-05-28 17:34:47 UTC,,
2329,Multi-Modal Transport,skills,2025-05-28 17:34:47 UTC,2025-05-28 17:34:47 UTC,,
2328,Supplier Vetting,skills,2025-05-28 17:34:47 UTC,2025-05-28 17:34:47 UTC,,
2327,Global Warehousing,skills,2025-05-28 17:34:47 UTC,2025-05-28 17:34:47 UTC,,
2326,Documentation Flowcharts,skills,2025-05-28 17:34:47 UTC,2025-05-28 17:34:47 UTC,,
2325,Import/Export Strategy,skills,2025-05-28 17:34:47 UTC,2025-05-28 17:34:47 UTC,,
2324,Shipment Tracking,skills,2025-05-28 17:34:47 UTC,2025-05-28 17:34:47 UTC,,
2323,Cargo Insurance,skills,2025-05-28 17:34:47 UTC,2025-05-28 17:34:47 UTC,,
2322,Letters of Credit,skills,2025-05-28 17:34:47 UTC,2025-05-28 17:34:47 UTC,,
2321,Trade Risk Assessment,skills,2025-05-28 17:34:47 UTC,2025-05-28 17:34:47 UTC,,
2320,Customs Clearance,skills,2025-05-28 17:34:47 UTC,2025-05-28 17:34:47 UTC,,
2319,Export Packaging,skills,2025-05-28 17:34:47 UTC,2025-05-28 17:34:47 UTC,,
2318,Cross-Border Compliance,skills,2025-05-28 17:34:47 UTC,2025-05-28 17:34:47 UTC,,
2317,Air Freight,skills,2025-05-28 17:34:47 UTC,2025-05-28 17:34:47 UTC,,
2316,Ocean Freight,skills,2025-05-28 17:34:47 UTC,2025-05-28 17:34:47 UTC,,
2315,International Contracts,skills,2025-05-28 17:34:47 UTC,2025-05-28 17:34:47 UTC,,
2314,Freight Routing,skills,2025-05-28 17:34:47 UTC,2025-05-28 17:34:47 UTC,,
2313,Incoterms,skills,2025-05-28 17:34:47 UTC,2025-05-28 17:34:47 UTC,,
2312,Technical Communication,skills,2025-05-27 20:11:57 UTC,2025-05-27 20:11:57 UTC,,
2311,Innovation Management,skills,2025-05-27 20:11:57 UTC,2025-05-27 20:11:57 UTC,,
2310,Strategic Roadmapping,skills,2025-05-27 20:11:57 UTC,2025-05-27 20:11:57 UTC,,
2309,Product Validation,skills,2025-05-27 20:11:57 UTC,2025-05-27 20:11:57 UTC,,
2308,Technology Scouting,skills,2025-05-27 20:11:57 UTC,2025-05-27 20:11:57 UTC,,
2307,Regulatory Research,skills,2025-05-27 20:11:57 UTC,2025-05-27 20:11:57 UTC,,
2306,IP Landscape Research,skills,2025-05-27 20:11:57 UTC,2025-05-27 20:11:57 UTC,,
2305,R&D Strategy,skills,2025-05-27 20:11:57 UTC,2025-05-27 20:11:57 UTC,,
2304,SQL,skills,2025-05-27 20:11:57 UTC,2025-05-27 20:11:57 UTC,,
2303,Software Development,skills,2025-05-27 20:11:57 UTC,2025-05-27 20:11:57 UTC,,
2302,Design Thinking,skills,2025-05-27 20:11:57 UTC,2025-05-27 20:11:57 UTC,,
2301,CRM Platforms,skills,2025-05-27 20:11:57 UTC,2025-05-27 20:11:57 UTC,,
2300,Survey Tools,skills,2025-05-27 20:11:57 UTC,2025-05-27 20:11:57 UTC,,
2299,Pitch Deck Design,skills,2025-05-27 20:11:57 UTC,2025-05-27 20:11:57 UTC,,
2298,Financial Modeling,skills,2025-05-27 20:11:57 UTC,2025-05-27 20:11:57 UTC,,
2297,Pricing Strategy,skills,2025-05-27 20:11:57 UTC,2025-05-27 20:11:57 UTC,,
2296,TAM SAM SOM Analysis,skills,2025-05-27 20:11:57 UTC,2025-05-27 20:11:57 UTC,,
2295,Go-To-Market Strategy,skills,2025-05-27 20:11:57 UTC,2025-05-27 20:11:57 UTC,,
2294,Customer Discovery,skills,2025-05-27 20:11:57 UTC,2025-05-27 20:11:57 UTC,,
2293,Market Sizing,skills,2025-05-27 20:11:57 UTC,2025-05-27 20:11:57 UTC,,
2292,Competitive Analysis,skills,2025-05-27 20:11:57 UTC,2025-05-27 20:11:57 UTC,,
2291,Lean Startup,skills,2025-05-27 20:11:57 UTC,2025-05-27 20:11:57 UTC,,
2290,Business Model Canvas,skills,2025-05-27 20:11:57 UTC,2025-05-27 20:11:57 UTC,,
2288,PowerPoint,skills,2025-05-15 16:06:11 UTC,2025-05-15 16:06:11 UTC,,
2287,Adobe,skills,2025-05-15 16:06:11 UTC,2025-05-15 16:06:11 UTC,,
2286,Project,skills,2025-05-13 02:35:28 UTC,2025-05-13 02:35:28 UTC,,
2285,Cross-Cultural,skills,2025-05-13 02:35:28 UTC,2025-05-13 02:35:28 UTC,,
2284,Program,skills,2025-05-13 02:35:28 UTC,2025-05-13 02:35:28 UTC,,
2283,Implementation,skills,2025-05-13 02:35:28 UTC,2025-05-13 02:35:28 UTC,,
2282,Stakeholder,skills,2025-05-13 02:35:28 UTC,2025-05-13 02:35:28 UTC,,
2281,Qualitative,skills,2025-05-13 02:35:28 UTC,2025-05-13 02:35:28 UTC,,
2280,Dashboard,skills,2025-05-13 02:35:28 UTC,2025-05-13 02:35:28 UTC,,
2279,Data,skills,2025-05-13 02:35:28 UTC,2025-05-13 02:35:28 UTC,,
2278,Monitoring,skills,2025-05-13 02:35:28 UTC,2025-05-13 02:35:28 UTC,,
2277,Security Awareness,skills,2025-05-09 19:05:50 UTC,2025-05-09 19:05:50 UTC,,
2276,Social Engineering Testing,skills,2025-05-09 19:05:50 UTC,2025-05-09 19:05:50 UTC,,
2275,Blue Teaming,skills,2025-05-09 19:05:50 UTC,2025-05-09 19:05:50 UTC,,
2274,Red Teaming,skills,2025-05-09 19:05:50 UTC,2025-05-09 19:05:50 UTC,,
2273,Cloud Security,skills,2025-05-09 19:05:50 UTC,2025-05-09 19:05:50 UTC,,
2272,Active Directory,skills,2025-05-09 19:05:50 UTC,2025-05-09 19:05:50 UTC,,
2271,Identity and Access Management,skills,2025-05-09 19:05:50 UTC,2025-05-09 19:05:50 UTC,,
2270,Windows Administration,skills,2025-05-09 19:05:50 UTC,2025-05-09 19:05:50 UTC,,
2269,Linux Administration,skills,2025-05-09 19:05:50 UTC,2025-05-09 19:05:50 UTC,,
2268,Log Analysis,skills,2025-05-09 19:05:50 UTC,2025-05-09 19:05:50 UTC,,
2267,SIEM Tools,skills,2025-05-09 19:05:50 UTC,2025-05-09 19:05:50 UTC,,
2266,IDS and IPS,skills,2025-05-09 19:05:50 UTC,2025-05-09 19:05:50 UTC,,
2265,Network Monitoring,skills,2025-05-09 19:05:50 UTC,2025-05-09 19:05:50 UTC,,
2264,Firewall Configuration,skills,2025-05-09 19:05:50 UTC,2025-05-09 19:05:50 UTC,,
2263,Code Review,skills,2025-05-09 19:05:50 UTC,2025-05-09 19:05:50 UTC,,
2262,Secure Coding,skills,2025-05-09 19:05:50 UTC,2025-05-09 19:05:50 UTC,,
2261,Governance Risk and Compliance,skills,2025-05-09 19:05:50 UTC,2025-05-09 19:05:50 UTC,,
2260,Risk Management,skills,2025-05-09 19:05:50 UTC,2025-05-09 19:05:50 UTC,,
2259,Incident Response,skills,2025-05-09 19:05:50 UTC,2025-05-09 19:05:50 UTC,,
2258,Digital Forensics,skills,2025-05-09 19:05:50 UTC,2025-05-09 19:05:50 UTC,,
2257,Threat Modeling,skills,2025-05-09 19:05:50 UTC,2025-05-09 19:05:50 UTC,,
2256,Vulnerability Assessment,skills,2025-05-09 19:05:50 UTC,2025-05-09 19:05:50 UTC,,
2255,Penetration Testing,skills,2025-05-09 19:05:50 UTC,2025-05-09 19:05:50 UTC,,
2254,Technical Documentation,skills,2025-05-09 18:57:46 UTC,2025-05-09 18:57:46 UTC,,
2253,Testing and Debugging,skills,2025-05-09 18:57:46 UTC,2025-05-09 18:57:46 UTC,,
2252,System Modeling,skills,2025-05-09 18:57:46 UTC,2025-05-09 18:57:46 UTC,,
2251,Power Electronics,skills,2025-05-09 18:57:46 UTC,2025-05-09 18:57:46 UTC,,
2250,Sensor Integration,skills,2025-05-09 18:57:46 UTC,2025-05-09 18:57:46 UTC,,
2249,Data Acquisition,skills,2025-05-09 18:57:46 UTC,2025-05-09 18:57:46 UTC,,
2248,C++ Programming,skills,2025-05-09 18:57:46 UTC,2025-05-09 18:57:46 UTC,,
2247,C Programming,skills,2025-05-09 18:57:46 UTC,2025-05-09 18:57:46 UTC,,
2246,Schematic Capture,skills,2025-05-09 18:57:46 UTC,2025-05-09 18:57:46 UTC,,
2245,PCB Fabrication,skills,2025-05-09 18:57:46 UTC,2025-05-09 18:57:46 UTC,,
2244,PCB Layout,skills,2025-05-09 18:57:46 UTC,2025-05-09 18:57:46 UTC,,
2243,Control Systems,skills,2025-05-09 18:57:46 UTC,2025-05-09 18:57:46 UTC,,
2242,Wireless Communication,skills,2025-05-09 18:57:46 UTC,2025-05-09 18:57:46 UTC,,
2241,Analog Signal Processing,skills,2025-05-09 18:57:46 UTC,2025-05-09 18:57:46 UTC,,
2240,Digital Logic,skills,2025-05-09 18:57:46 UTC,2025-05-09 18:57:46 UTC,,
2239,FPGA Design,skills,2025-05-09 18:57:46 UTC,2025-05-09 18:57:46 UTC,,
2238,Embedded Systems,skills,2025-05-09 18:57:46 UTC,2025-05-09 18:57:46 UTC,,
2237,Circuit Design,skills,2025-05-09 18:57:46 UTC,2025-05-09 18:57:46 UTC,,
2236,Testing and Validation,skills,2025-05-09 18:45:38 UTC,2025-05-09 18:45:38 UTC,,
2235,Maintenance Planning,skills,2025-05-09 18:45:38 UTC,2025-05-09 18:45:38 UTC,,
2234,Standard Operating Procedures,skills,2025-05-09 18:45:38 UTC,2025-05-09 18:45:38 UTC,,
2233,Tableau,skills,2025-05-09 18:45:38 UTC,2025-05-09 18:45:38 UTC,,
2232,Cost Benefit Analysis,skills,2025-05-09 18:45:38 UTC,2025-05-09 18:45:38 UTC,,
2231,Excel Modeling,skills,2025-05-09 18:45:38 UTC,2025-05-09 18:45:38 UTC,,
2230,PLC Programming,skills,2025-05-09 18:45:38 UTC,2025-05-09 18:45:38 UTC,,
2229,Simulation Tools,skills,2025-05-09 18:45:38 UTC,2025-05-09 18:45:38 UTC,,
2228,CAD (SolidWorks),skills,2025-05-09 18:45:38 UTC,2025-05-09 18:45:38 UTC,,
2227,Production Scheduling,skills,2025-05-09 18:45:38 UTC,2025-05-09 18:45:38 UTC,,
2226,Statistical Process Control (SPC),skills,2025-05-09 18:45:38 UTC,2025-05-09 18:45:38 UTC,,
2225,Design for Manufacturing (DFM/DFA),skills,2025-05-09 18:45:38 UTC,2025-05-09 18:45:38 UTC,,
2224,Workflow Optimization,skills,2025-05-09 18:45:38 UTC,2025-05-09 18:45:38 UTC,,
2223,Process Mapping,skills,2025-05-09 18:45:38 UTC,2025-05-09 18:45:38 UTC,,
2222,Value Stream Mapping,skills,2025-05-09 18:45:38 UTC,2025-05-09 18:45:38 UTC,,
2221,Root Cause Analysis,skills,2025-05-09 18:45:38 UTC,2025-05-09 18:45:38 UTC,,
2220,Six Sigma,skills,2025-05-09 18:45:38 UTC,2025-05-09 18:45:38 UTC,,
2219,Lean Manufacturing,skills,2025-05-09 18:45:38 UTC,2025-05-09 18:45:38 UTC,,
2218,Engineering Communication,skills,2025-05-09 18:25:24 UTC,2025-05-09 18:25:24 UTC,,
2217,Presentations,skills,2025-05-09 18:25:24 UTC,2025-05-09 18:25:24 UTC,,
2216,Testing,skills,2025-05-09 18:25:24 UTC,2025-05-09 18:25:24 UTC,,
2215,Project Management,skills,2025-05-09 18:25:24 UTC,2025-05-09 18:25:24 UTC,,
2214,Technical Writing and Documentation,skills,2025-05-09 18:25:24 UTC,2025-05-09 18:25:24 UTC,,
2213,Robotics,skills,2025-05-09 18:25:24 UTC,2025-05-09 18:25:24 UTC,,
2212,Data Collection,skills,2025-05-09 18:25:24 UTC,2025-05-09 18:25:24 UTC,,
2211,Simulink,skills,2025-05-09 18:25:24 UTC,2025-05-09 18:25:24 UTC,,
2210,LabVIEW,skills,2025-05-09 18:25:24 UTC,2025-05-09 18:25:24 UTC,,
2209,Electrical Systems Integration,skills,2025-05-09 18:25:24 UTC,2025-05-09 18:25:24 UTC,,
2208,Control Systems & Automation,skills,2025-05-09 18:25:24 UTC,2025-05-09 18:25:24 UTC,,
2207,C++,skills,2025-05-09 18:25:24 UTC,2025-05-09 18:25:24 UTC,,
2206,Python,skills,2025-05-09 18:25:24 UTC,2025-05-09 18:25:24 UTC,,
2205,MATLAB,skills,2025-05-09 18:25:24 UTC,2025-05-09 18:25:24 UTC,,
2204,Microcontroller Programming,skills,2025-05-09 18:25:24 UTC,2025-05-09 18:25:24 UTC,,
2203,Raspberry Pi,skills,2025-05-09 18:25:24 UTC,2025-05-09 18:25:24 UTC,,
2202,Arduino,skills,2025-05-09 18:25:24 UTC,2025-05-09 18:25:24 UTC,,
2201,Rapid Prototyping,skills,2025-05-09 18:25:24 UTC,2025-05-09 18:25:24 UTC,,
2200,Dynamics,skills,2025-05-09 18:25:24 UTC,2025-05-09 18:25:24 UTC,,
2199,Statistics,skills,2025-05-09 18:25:24 UTC,2025-05-09 18:25:24 UTC,,
2198,Materials,skills,2025-05-09 18:25:24 UTC,2025-05-09 18:25:24 UTC,,
2197,Thermodynamics,skills,2025-05-09 18:25:24 UTC,2025-05-09 18:25:24 UTC,,
2196,Engineering Analysis,skills,2025-05-09 18:25:24 UTC,2025-05-09 18:25:24 UTC,,
2195,Finite Element Analysis (FEA),skills,2025-05-09 18:25:24 UTC,2025-05-09 18:25:24 UTC,,
2194,Mechanical Design and Modeling,skills,2025-05-09 18:25:23 UTC,2025-05-09 18:25:23 UTC,,
684,Sales Copywriting,skills,2022-11-15 13:50:27 UTC,2022-12-05 19:49:41 UTC,Writing,
683,Marketing Copywriting,skills,2022-11-15 13:50:27 UTC,2022-12-05 19:49:41 UTC,Writing,
682,Ad & Email Copywriting,skills,2022-11-15 13:50:27 UTC,2022-12-05 19:49:41 UTC,Writing,
681,Technical Writing,skills,2022-11-15 13:50:27 UTC,2022-12-05 19:49:41 UTC,Writing,
680,Resume & Cover Letter Writing,skills,2022-11-15 13:50:27 UTC,2022-12-05 19:49:41 UTC,Writing,
679,Medical Writing,skills,2022-11-15 13:50:27 UTC,2022-12-05 19:49:41 UTC,Writing,
678,Legal Writing,skills,2022-11-15 13:50:27 UTC,2022-12-05 19:49:41 UTC,Writing,
677,Grant Writing,skills,2022-11-15 13:50:27 UTC,2022-12-05 19:49:41 UTC,Writing,
676,Business & Proposal Writing,skills,2022-11-15 13:50:27 UTC,2022-12-05 19:49:41 UTC,Writing,
675,Academic & Research Writing,skills,2022-11-15 13:50:27 UTC,2022-12-05 19:49:41 UTC,Writing,
674,Proofreading,skills,2022-11-15 13:50:27 UTC,2022-12-05 19:49:41 UTC,Writing,
673,Copy Editing,skills,2022-11-15 13:50:27 UTC,2022-12-05 19:49:41 UTC,Writing,
672,Writing Tutoring,skills,2022-11-15 13:50:27 UTC,2022-12-05 19:49:41 UTC,Writing,
671,Web & UX Writing,skills,2022-11-15 13:50:27 UTC,2022-12-05 19:53:17 UTC,Writing,
670,Scriptwriting,skills,2022-11-15 13:50:27 UTC,2022-12-05 19:49:41 UTC,Writing,
669,Ghostwriting,skills,2022-11-15 13:50:27 UTC,2022-12-05 19:49:41 UTC,Writing,
668,Creative Writing,skills,2022-11-15 13:50:27 UTC,2022-12-05 19:49:41 UTC,Writing,
667,Article & Blog Writing,skills,2022-11-15 13:50:27 UTC,2022-12-05 19:49:41 UTC,Writing,
666,Firmware Development,skills,2022-11-15 13:50:27 UTC,2022-12-05 19:53:17 UTC,"Web, Mobile, and Software Development",
665,Emerging Tech,skills,2022-11-15 13:50:27 UTC,2022-12-05 19:53:17 UTC,"Web, Mobile, and Software Development",
664,Database Development,skills,2022-11-15 13:50:27 UTC,2022-12-05 19:53:17 UTC,"Web, Mobile, and Software Development",
663,Coding Tutoring,skills,2022-11-15 13:50:27 UTC,2022-12-05 19:53:17 UTC,"Web, Mobile, and Software Development",
662,AR/VR Development,skills,2022-11-15 13:50:27 UTC,2022-12-05 19:53:17 UTC,"Web, Mobile, and Software Development",
661,Full Stack Development,skills,2022-11-15 13:50:27 UTC,2022-12-05 19:53:17 UTC,"Web, Mobile, and Software Development",
660,Front-End Development,skills,2022-11-15 13:50:27 UTC,2022-12-05 19:53:17 UTC,"Web, Mobile, and Software Development",
659,CMS Development,skills,2022-11-15 13:50:27 UTC,2022-12-05 19:53:17 UTC,"Web, Mobile, and Software Development",
658,Back-End Development,skills,2022-11-15 13:50:27 UTC,2022-12-05 19:53:17 UTC,"Web, Mobile, and Software Development",
657,Web Design,skills,2022-11-15 13:50:27 UTC,2022-12-05 19:53:17 UTC,"Web, Mobile, and Software Development",
656,UX/UI Design,skills,2022-11-15 13:50:27 UTC,2022-12-05 19:53:17 UTC,"Web, Mobile, and Software Development",
655,Prototyping,skills,2022-11-15 13:50:27 UTC,2022-12-05 19:53:17 UTC,"Web, Mobile, and Software Development",
654,Mobile Design,skills,2022-11-15 13:50:27 UTC,2022-12-05 19:53:16 UTC,"Web, Mobile, and Software Development",
653,Scripting & Automation,skills,2022-11-15 13:50:27 UTC,2022-12-05 19:53:16 UTC,"Web, Mobile, and Software Development",
652,Manual Testing,skills,2022-11-15 13:50:26 UTC,2022-12-05 19:53:16 UTC,"Web, Mobile, and Software Development",
651,Automation Testing,skills,2022-11-15 13:50:26 UTC,2022-12-05 19:53:16 UTC,"Web, Mobile, and Software Development",
650,Scrum Leadership,skills,2022-11-15 13:50:26 UTC,2022-12-05 19:53:16 UTC,"Web, Mobile, and Software Development",
649,Agile Leadership,skills,2022-11-15 13:50:26 UTC,2022-12-05 19:53:16 UTC,"Web, Mobile, and Software Development",
648,Mobile Game Development,skills,2022-11-15 13:50:26 UTC,2022-12-05 19:53:16 UTC,"Web, Mobile, and Software Development",
647,Mobile App Development,skills,2022-11-15 13:50:26 UTC,2022-12-05 19:53:16 UTC,"Web, Mobile, and Software Development",
646,Video Game Development,skills,2022-11-15 13:50:26 UTC,2022-12-05 19:53:16 UTC,"Web, Mobile, and Software Development",
645,Crypto Wallet Development,skills,2022-11-15 13:50:26 UTC,2022-12-05 19:53:16 UTC,"Web, Mobile, and Software Development",
644,ECommerce Website Development,skills,2022-11-15 13:50:26 UTC,2022-12-05 19:53:16 UTC,"Web, Mobile, and Software Development",
643,Crypto Coins & Tokens,skills,2022-11-15 13:50:26 UTC,2022-12-05 19:53:16 UTC,"Web, Mobile, and Software Development",
642,Blockchain & NFT Development,skills,2022-11-15 13:50:26 UTC,2022-12-05 19:53:16 UTC,"Web, Mobile, and Software Development",
641,Desktop Software Development,skills,2022-11-15 13:50:26 UTC,2022-12-05 19:53:16 UTC,"Web, Mobile, and Software Development",
640,Sign Language Interpretation,skills,2022-11-15 13:50:26 UTC,2022-12-05 19:49:41 UTC,Translation,
639,Live Interpretation,skills,2022-11-15 13:50:26 UTC,2022-12-05 19:49:41 UTC,Translation,
638,Language Tutoring,skills,2022-11-15 13:50:26 UTC,2022-12-05 19:49:41 UTC,Translation,
637,Language Localization,skills,2022-11-15 13:50:26 UTC,2022-12-05 19:49:41 UTC,Translation,
636,General Translation Services,skills,2022-11-15 13:50:26 UTC,2022-12-05 19:49:41 UTC,Translation,
635,Technical Document Translation,skills,2022-11-15 13:50:26 UTC,2022-12-05 19:49:41 UTC,Translation,
634,Medical Document Translation,skills,2022-11-15 13:50:26 UTC,2022-12-05 19:49:41 UTC,Translation,
633,Legal Document Translation,skills,2022-11-15 13:50:26 UTC,2022-12-05 19:49:41 UTC,Translation,
632,Social Media Strategy,skills,2022-11-15 13:50:26 UTC,2022-12-05 19:53:16 UTC,Sales and Marketing,
631,Public Relations,skills,2022-11-15 13:50:26 UTC,2022-12-05 19:53:16 UTC,Sales and Marketing,
630,Marketing Strategy,skills,2022-11-15 13:50:26 UTC,2022-12-05 19:53:16 UTC,Sales and Marketing,
629,Content Strategy,skills,2022-11-15 13:50:26 UTC,2022-12-05 19:53:16 UTC,Sales and Marketing,
628,Brand Strategy,skills,2022-11-15 13:50:26 UTC,2022-12-05 19:53:16 UTC,Sales and Marketing,
627,Telemarketing,skills,2022-11-15 13:50:26 UTC,2022-12-05 19:53:16 UTC,Sales and Marketing,
626,Sales & Business Development,skills,2022-11-15 13:50:26 UTC,2022-12-05 19:53:16 UTC,Sales and Marketing,
625,Lead Generation,skills,2022-11-15 13:50:26 UTC,2022-12-05 19:53:16 UTC,Sales and Marketing,
624,Social Media Marketing,skills,2022-11-15 13:50:26 UTC,2022-12-05 19:53:16 UTC,Sales and Marketing,
623,SEO,skills,2022-11-15 13:50:26 UTC,2022-12-05 19:53:16 UTC,Sales and Marketing,
622,Search Engine Marketing,skills,2022-11-15 13:50:26 UTC,2022-12-05 19:53:16 UTC,Sales and Marketing,
621,Marketing Automation,skills,2022-11-15 13:50:26 UTC,2022-12-05 19:53:16 UTC,Sales and Marketing,
620,Email Marketing,skills,2022-11-15 13:50:26 UTC,2022-12-05 19:53:16 UTC,Sales and Marketing,
619,Display Advertising,skills,2022-11-15 13:50:26 UTC,2022-12-05 19:53:16 UTC,Sales and Marketing,
618,Campaign Management,skills,2022-11-15 13:50:26 UTC,2022-12-05 19:53:16 UTC,Sales and Marketing,
617,Regulatory Law,skills,2022-11-15 13:50:26 UTC,2022-12-05 19:49:41 UTC,Legal,
616,Labor & Employment Law,skills,2022-11-15 13:50:26 UTC,2022-12-05 19:49:41 UTC,Legal,
615,International Law,skills,2022-11-15 13:50:26 UTC,2022-12-05 19:49:41 UTC,Legal,
614,Immigration Law,skills,2022-11-15 13:50:26 UTC,2022-12-05 19:49:41 UTC,Legal,
613,Tax Law,skills,2022-11-15 13:50:26 UTC,2022-12-05 19:49:41 UTC,Legal,
612,Securities & Finance Law,skills,2022-11-15 13:50:26 UTC,2022-12-05 19:49:41 UTC,Legal,
611,Paralegal Services,skills,2022-11-15 13:50:26 UTC,2022-12-05 19:49:41 UTC,Legal,
610,Intellectual Property Law,skills,2022-11-15 13:50:26 UTC,2022-12-05 19:49:41 UTC,Legal,
609,General Counsel,skills,2022-11-15 13:50:26 UTC,2022-12-05 19:49:41 UTC,Legal,
608,Business & Corporate Law,skills,2022-11-15 13:50:26 UTC,2022-12-05 19:49:41 UTC,Legal,
607,Solution Architecture,skills,2022-11-15 13:50:26 UTC,2022-12-05 19:53:16 UTC,IT and Networking,
606,DevOps Engineering,skills,2022-11-15 13:50:26 UTC,2022-12-05 19:53:16 UTC,IT and Networking,
605,Cloud Engineering,skills,2022-11-15 13:50:26 UTC,2022-12-05 19:53:16 UTC,IT and Networking,
604,Systems Administration,skills,2022-11-15 13:50:26 UTC,2022-12-05 19:53:16 UTC,IT and Networking,
603,Network Administration,skills,2022-11-15 13:50:26 UTC,2022-12-05 19:53:16 UTC,IT and Networking,
602,Network Security,skills,2022-11-15 13:50:26 UTC,2022-12-05 19:53:16 UTC,IT and Networking,
601,IT Compliance,skills,2022-11-15 13:50:26 UTC,2022-12-05 19:53:16 UTC,IT and Networking,
600,Information Security,skills,2022-11-15 13:50:26 UTC,2022-12-05 19:53:16 UTC,IT and Networking,
599,Systems Engineering,skills,2022-11-15 13:50:26 UTC,2022-12-05 19:53:16 UTC,IT and Networking,
598,Business Applications Development,skills,2022-11-15 13:50:26 UTC,2022-12-05 19:53:16 UTC,IT and Networking,
597,Database Administration,skills,2022-11-15 13:50:26 UTC,2022-12-05 19:53:16 UTC,IT and Networking,
596,STEM Tutoring,skills,2022-11-15 13:50:26 UTC,2022-12-05 19:53:16 UTC,Engineering and Architecture,
595,Physics,skills,2022-11-15 13:50:26 UTC,2022-12-05 19:53:16 UTC,Engineering and Architecture,
594,Mathematics,skills,2022-11-15 13:50:26 UTC,2022-12-05 19:53:16 UTC,Engineering and Architecture,
593,Chemistry,skills,2022-11-15 13:50:26 UTC,2022-12-05 19:53:16 UTC,Engineering and Architecture,
592,Biology,skills,2022-11-15 13:50:26 UTC,2022-12-05 19:53:16 UTC,Engineering and Architecture,
591,Trade Show Design,skills,2022-11-15 13:50:26 UTC,2022-12-05 19:53:16 UTC,Engineering and Architecture,
590,Interior Design,skills,2022-11-15 13:50:26 UTC,2022-12-05 19:53:16 UTC,Engineering and Architecture,
589,Energy Engineering,skills,2022-11-15 13:50:26 UTC,2022-12-05 19:53:16 UTC,Engineering and Architecture,
588,Mechanical Engineering,skills,2022-11-15 13:50:26 UTC,2022-12-05 19:53:16 UTC,Engineering and Architecture,
587,Electronic Engineering,skills,2022-11-15 13:50:26 UTC,2022-12-05 19:53:16 UTC,Engineering and Architecture,
586,Electrical Engineering,skills,2022-11-15 13:50:26 UTC,2022-12-05 19:53:16 UTC,Engineering and Architecture,
585,Sourcing & Procurement,skills,2022-11-15 13:50:26 UTC,2022-12-05 19:53:16 UTC,Engineering and Architecture,
584,Logistics & Supply Chain Management,skills,2022-11-15 13:50:26 UTC,2022-12-05 19:53:16 UTC,Engineering and Architecture,
583,Structural Engineering,skills,2022-11-15 13:50:26 UTC,2022-12-05 19:53:16 UTC,Engineering and Architecture,
582,Civil Engineering,skills,2022-11-15 13:50:26 UTC,2022-12-05 19:53:16 UTC,Engineering and Architecture,
581,Building Information Modeling,skills,2022-11-15 13:50:26 UTC,2022-12-05 19:53:16 UTC,Engineering and Architecture,
580,Chemical & Process Engineering,skills,2022-11-15 13:50:26 UTC,2022-12-05 19:53:16 UTC,Engineering and Architecture,
579,Landscape Architecture,skills,2022-11-15 13:50:26 UTC,2022-12-05 19:53:16 UTC,Engineering and Architecture,
578,Architectural Design ,skills,2022-11-15 13:50:26 UTC,2022-12-05 19:53:16 UTC,Engineering and Architecture,
577,CAD,skills,2022-11-15 13:50:26 UTC,2022-12-05 19:53:16 UTC,Engineering and Architecture,
576,3D Modeling & Rendering,skills,2022-11-15 13:50:26 UTC,2022-12-05 19:53:16 UTC,Engineering and Architecture,
575,Visual Effects,skills,2022-11-15 13:50:26 UTC,2022-12-05 19:53:16 UTC,Design and Creative,
574,Videography,skills,2022-11-15 13:50:26 UTC,2022-12-05 19:53:16 UTC,Design and Creative,
573,Video Production,skills,2022-11-15 13:50:26 UTC,2022-12-05 19:53:16 UTC,Design and Creative,
572,Video Editing,skills,2022-11-15 13:50:26 UTC,2022-12-05 19:53:16 UTC,Design and Creative,
571,Motion Graphics,skills,2022-11-15 13:50:26 UTC,2022-12-05 19:53:16 UTC,Design and Creative,
570,3D Animation,skills,2022-11-15 13:50:26 UTC,2022-12-05 19:53:15 UTC,Design and Creative,
569,2D Animation,skills,2022-11-15 13:50:26 UTC,2022-12-05 19:53:15 UTC,Design and Creative,
568,Product & Industrial Design,skills,2022-11-15 13:50:26 UTC,2022-12-05 19:53:15 UTC,Design and Creative,
567,Jewelry Design,skills,2022-11-15 13:50:26 UTC,2022-12-05 19:53:15 UTC,Design and Creative,
566,Fashion Design,skills,2022-11-15 13:50:26 UTC,2022-12-05 19:53:15 UTC,Design and Creative,
565,Product Photography,skills,2022-11-15 13:50:26 UTC,2022-12-05 19:53:15 UTC,Design and Creative,
564,Local Photography,skills,2022-11-15 13:50:26 UTC,2022-12-05 19:53:15 UTC,Design and Creative,
563,Voice Talent,skills,2022-11-15 13:50:26 UTC,2022-12-05 19:53:15 UTC,Design and Creative,
562,Singing,skills,2022-11-15 13:50:26 UTC,2022-12-05 19:53:15 UTC,Design and Creative,
561,Music Performance,skills,2022-11-15 13:50:26 UTC,2022-12-05 19:53:15 UTC,Design and Creative,
560,Acting,skills,2022-11-15 13:50:26 UTC,2022-12-05 19:53:15 UTC,Design and Creative,
559,Presentation Design,skills,2022-11-15 13:50:26 UTC,2022-12-05 19:53:15 UTC,Design and Creative,
558,Packaging Design,skills,2022-11-15 13:50:26 UTC,2022-12-05 19:53:15 UTC,Design and Creative,
557,Image Editing,skills,2022-11-15 13:50:26 UTC,2022-12-05 19:53:15 UTC,Design and Creative,
556,Graphic Design,skills,2022-11-15 13:50:26 UTC,2022-12-05 19:53:15 UTC,Design and Creative,
555,Editorial Design,skills,2022-11-15 13:50:26 UTC,2022-12-05 19:53:15 UTC,Design and Creative,
554,Creative Direction,skills,2022-11-15 13:50:26 UTC,2022-12-05 19:53:15 UTC,Design and Creative,
553,Art Direction,skills,2022-11-15 13:50:26 UTC,2022-12-05 19:53:15 UTC,Design and Creative,
552,NFT Art,skills,2022-11-15 13:50:26 UTC,2022-12-05 19:53:15 UTC,Design and Creative,
551,Game Art,skills,2022-11-15 13:50:26 UTC,2022-12-05 19:53:15 UTC,Design and Creative,
550,AR/VR Design,skills,2022-11-15 13:50:26 UTC,2022-12-05 19:53:15 UTC,Design and Creative,
549,Logo Design,skills,2022-11-15 13:50:26 UTC,2022-12-05 19:53:15 UTC,Design and Creative,
548,Brand Identity Design,skills,2022-11-15 13:50:26 UTC,2022-12-05 19:53:15 UTC,Design and Creative,
547,Music Production,skills,2022-11-15 13:50:26 UTC,2022-12-05 19:53:15 UTC,Design and Creative,
546,Songwriting & Music Composition,skills,2022-11-15 13:50:26 UTC,2022-12-05 19:53:15 UTC,Design and Creative,
545,Audio Production,skills,2022-11-15 13:50:26 UTC,2022-12-05 19:53:15 UTC,Design and Creative,
544,Audio Editing,skills,2022-11-15 13:50:26 UTC,2022-12-05 19:53:15 UTC,Design and Creative,
543,Pattern Design,skills,2022-11-15 13:50:26 UTC,2022-12-05 19:53:15 UTC,Design and Creative,
542,Illustration,skills,2022-11-15 13:50:26 UTC,2022-12-05 19:53:15 UTC,Design and Creative,
541,Fine Art,skills,2022-11-15 13:50:26 UTC,2022-12-05 19:53:15 UTC,Design and Creative,
540,Cartoons & Comics,skills,2022-11-15 13:50:26 UTC,2022-12-05 19:53:15 UTC,Design and Creative,
539,Portraits & Caricatures,skills,2022-11-15 13:50:26 UTC,2022-12-05 19:53:15 UTC,Design and Creative,
538,Data Mining,skills,2022-11-15 13:50:26 UTC,2022-12-05 19:53:15 UTC,Data Science and Analysis,
537,Data Engineering,skills,2022-11-15 13:50:26 UTC,2022-12-05 19:53:15 UTC,Data Science and Analysis,
536,Data Processing,skills,2022-11-15 13:50:26 UTC,2022-12-05 19:53:15 UTC,Data Science and Analysis,
535,Data Extraction,skills,2022-11-15 13:50:26 UTC,2022-12-05 19:53:15 UTC,Data Science and Analysis,
534,Data Visualization,skills,2022-11-15 13:50:26 UTC,2022-12-05 19:53:15 UTC,Data Science and Analysis,
533,Experimentation & Testing,skills,2022-11-15 13:50:26 UTC,2022-12-05 19:53:15 UTC,Data Science and Analysis,
532,Data Analytics,skills,2022-11-15 13:50:26 UTC,2022-12-05 19:53:15 UTC,Data Science and Analysis,
531,A/B Testing,skills,2022-11-15 13:50:26 UTC,2022-12-05 19:53:15 UTC,Data Science and Analysis,
530,Machine Learning,skills,2022-11-15 13:50:26 UTC,2022-12-05 19:53:15 UTC,Data Science and Analysis,
529,Knowledge Representation,skills,2022-11-15 13:50:26 UTC,2022-12-05 19:53:15 UTC,Data Science and Analysis,
528,Deep Learning,skills,2022-11-15 13:50:26 UTC,2022-12-05 19:53:15 UTC,Data Science and Analysis,
527,Tech Support,skills,2022-11-15 13:50:26 UTC,2022-12-05 19:49:40 UTC,Customer Service,
526,IT Support,skills,2022-11-15 13:50:26 UTC,2022-12-05 19:53:15 UTC,Customer Service,
525,Customer Onboarding,skills,2022-11-15 13:50:26 UTC,2022-12-05 19:49:40 UTC,Customer Service,
524,Customer Success,skills,2022-11-15 13:50:26 UTC,2022-12-05 19:49:40 UTC,Customer Service,
523,"Email, Phone & Chat Support",skills,2022-11-15 13:50:26 UTC,2022-12-05 19:49:40 UTC,Customer Service,
522,Visual Tagging & Processing,skills,2022-11-15 13:50:26 UTC,2022-12-05 19:49:40 UTC,Customer Service,
521,Content Moderation,skills,2022-11-15 13:50:26 UTC,2022-12-05 19:49:40 UTC,Customer Service,
520,Community Management,skills,2022-11-15 13:50:26 UTC,2022-12-05 19:49:40 UTC,Customer Service,
519,Supply Chain & Logistics Project Management,skills,2022-11-15 13:50:26 UTC,2022-12-05 19:49:40 UTC,Admin Support,
518,Healthcare Project Management,skills,2022-11-15 13:50:26 UTC,2022-12-05 19:49:40 UTC,Admin Support,
517,Digital Project Management,skills,2022-11-15 13:50:26 UTC,2022-12-05 19:49:40 UTC,Admin Support,
516,Development & IT Project Management,skills,2022-11-15 13:50:26 UTC,2022-12-05 19:53:15 UTC,Admin Support,
515,Construction & Engineering Project Management,skills,2022-11-15 13:50:26 UTC,2022-12-05 19:49:40 UTC,Admin Support,
514,Personal Virtual Assistance,skills,2022-11-15 13:50:26 UTC,2022-12-05 19:49:40 UTC,Admin Support,
513,Medical Virtual Assistance,skills,2022-11-15 13:50:26 UTC,2022-12-05 19:49:40 UTC,Admin Support,
512,Legal Virtual Assistance,skills,2022-11-15 13:50:26 UTC,2022-12-05 19:49:40 UTC,Admin Support,
511,General Virtual Assistance,skills,2022-11-15 13:50:26 UTC,2022-12-05 19:49:40 UTC,Admin Support,
510,Executive Virtual Assistance,skills,2022-11-15 13:50:26 UTC,2022-12-05 19:49:40 UTC,Admin Support,
509,Web & Software Product Research,skills,2022-11-15 13:50:26 UTC,2022-12-05 19:49:40 UTC,Admin Support,
508,Quantitative Research,skills,2022-11-15 13:50:26 UTC,2022-12-05 19:49:39 UTC,Admin Support,
507,Qualitative Research,skills,2022-11-15 13:50:26 UTC,2022-12-05 19:49:39 UTC,Admin Support,
506,Product Reviews,skills,2022-11-15 13:50:26 UTC,2022-12-05 19:49:39 UTC,Admin Support,
505,General Research Services,skills,2022-11-15 13:50:26 UTC,2022-12-05 19:49:39 UTC,Admin Support,
504,Market Research,skills,2022-11-15 13:50:26 UTC,2022-12-05 19:49:39 UTC,Admin Support,
503,Transcription,skills,2022-11-15 13:50:26 UTC,2022-12-05 19:49:39 UTC,Admin Support,
502,Dropshipping & Order Processing,skills,2022-11-15 13:50:26 UTC,2022-12-05 19:49:39 UTC,Admin Support,
501,Business Project Management,skills,2022-11-15 13:50:26 UTC,2022-12-05 19:49:39 UTC,Admin Support,
500,Data Entry,skills,2022-11-15 13:50:26 UTC,2022-12-05 19:49:39 UTC,Admin Support,
499,Tax Preparation,skills,2022-11-15 13:50:26 UTC,2022-12-05 19:53:15 UTC,Accounting and Consulting,
498,Personal Coaching,skills,2022-11-15 13:50:26 UTC,2022-12-05 19:53:15 UTC,Accounting and Consulting,
497,Management Consulting,skills,2022-11-15 13:50:26 UTC,2022-12-05 19:53:15 UTC,Accounting and Consulting,
496,Instructional Design,skills,2022-11-15 13:50:26 UTC,2022-12-05 19:53:15 UTC,Accounting and Consulting,
495,Business Analysis & Strategy,skills,2022-11-15 13:50:26 UTC,2022-12-05 19:53:15 UTC,Accounting and Consulting,
494,Training & Development,skills,2022-11-15 13:50:26 UTC,2022-12-05 19:53:15 UTC,Accounting and Consulting,
493,Recruiting & Talent Sourcing,skills,2022-11-15 13:50:26 UTC,2022-12-05 19:53:15 UTC,Accounting and Consulting,
492,HR Administration,skills,2022-11-15 13:50:26 UTC,2022-12-05 19:53:15 UTC,Accounting and Consulting,
491,Financial Management/CFO,skills,2022-11-15 13:50:26 UTC,2022-12-05 19:53:15 UTC,Accounting and Consulting,
490,Financial Analysis & Modeling,skills,2022-11-15 13:50:26 UTC,2022-12-05 19:53:15 UTC,Accounting and Consulting,
489,Bookkeeping,skills,2022-11-15 13:50:26 UTC,2022-12-05 19:53:15 UTC,Accounting and Consulting,
488,Accounting and Consulting,skills,2022-11-15 13:50:26 UTC,2022-12-05 19:53:15 UTC,Accounting and Consulting,
487,Communications,skills,2022-11-14 21:53:34 UTC,2022-11-14 21:53:34 UTC,,
486,Technical,skills,2022-11-14 19:57:32 UTC,2022-11-14 19:57:32 UTC,,
485,Web Conferencing,skills,2022-11-09 23:21:30 UTC,2022-11-09 23:21:30 UTC,,
