Id,Name,Category,Created at,Updated at,Parent category,Partner
2691,Programming,skills,2025-09-27 00:18:47 UTC,2025-09-27 00:18:47 UTC,Programming Languages,
2690,Java,skills,2025-09-27 00:18:47 UTC,2025-09-27 00:18:47 UTC,Programming Languages,
2689,Open-source data tools,skills,2025-09-03 15:49:59 UTC,2025-09-03 15:49:59 UTC,Open Source Tools,
2688,Machine learning,skills,2025-09-03 15:49:59 UTC,2025-09-03 15:49:59 UTC,Machine Learning,
2687,Business case analysis,skills,2025-09-03 15:49:59 UTC,2025-09-03 15:49:59 UTC,Business Strategy,
2686,ETL pipelines,skills,2025-09-03 15:49:59 UTC,2025-09-03 15:49:59 UTC,Data Engineering,
2685,Exploratory data analysis,skills,2025-09-03 15:49:59 UTC,2025-09-03 15:49:59 UTC,Data Analysis,
2684,ChatGPT prompt engineering,skills,2025-09-03 15:49:59 UTC,2025-09-03 15:49:59 UTC,AI and Prompt Engineering,`
2683,Tableau visualization,skills,2025-09-03 15:49:59 UTC,2025-09-03 15:49:59 UTC,Business Intelligence,
2682,SQL querying,skills,2025-09-03 15:49:59 UTC,2025-09-03 15:49:59 UTC,Database Management,
2681,Python programming,skills,2025-09-03 15:49:59 UTC,2025-09-03 15:49:59 UTC,Programming Languages,
2680,Understading API's is a Plus,skills,2025-08-29 15:24:14 UTC,2025-08-29 15:24:14 UTC,API and Integration,
2679,Workflow logics,skills,2025-08-29 15:24:14 UTC,2025-08-29 15:24:14 UTC,Process Automation,
2678,Basic understanding of AI,skills,2025-08-29 15:24:14 UTC,2025-08-29 15:24:14 UTC,AI and Machine Learning,
2677,Interest in AI,skills,2025-08-29 15:24:14 UTC,2025-08-29 15:24:14 UTC,API and Integration,
2676,Creativity,skills,2025-08-29 15:24:14 UTC,2025-08-29 15:24:14 UTC,Soft Skills,
2675,Common Sense,skills,2025-08-29 15:24:14 UTC,2025-08-29 15:24:14 UTC,Soft Skills,
2674,Data Management,skills,2025-08-27 15:11:18 UTC,2025-08-27 15:11:18 UTC,Data Analysis,
2673,Wordpress,skills,2025-08-27 13:59:21 UTC,2025-08-27 13:59:21 UTC,Web Development,
2672,Micosoft Teams,skills,2025-08-27 13:59:21 UTC,2025-08-27 13:59:21 UTC,Collaboration Tools,
2671,Salesforce,skills,2025-08-27 12:40:29 UTC,2025-08-27 12:40:29 UTC,Business Systems,
2670,Data Vi,skills,2025-08-25 17:59:08 UTC,2025-08-25 17:59:08 UTC,Data Visualization,
2669,Shiny for Python,skills,2025-08-25 17:27:36 UTC,2025-08-25 17:27:36 UTC,Programming Languages,
2668,Shiny for R,skills,2025-08-25 17:27:36 UTC,2025-08-25 17:27:36 UTC,Data Visualization Tools,
2667,API,skills,2025-08-25 17:27:36 UTC,2025-08-25 17:27:36 UTC,API and Integration,
2666,Strategic decision support,skills,2025-08-20 15:13:20 UTC,2025-08-20 15:13:20 UTC,Strategic Planning,
2665,Business intelligence,skills,2025-08-20 15:13:20 UTC,2025-08-20 15:13:20 UTC,Business Intelligence,
2664,Spreadsheet modeling,skills,2025-08-20 15:13:20 UTC,2025-08-20 15:13:20 UTC,Engineering Simulation,
2663,Client presentation skills,skills,2025-08-20 15:13:20 UTC,2025-08-20 15:13:20 UTC,Business Communication,
2662,Project planning,skills,2025-08-20 15:13:20 UTC,2025-08-20 15:13:20 UTC,Project Management,
2661,Communication skills,skills,2025-08-20 15:13:20 UTC,2025-08-20 15:13:20 UTC,Soft Skills,
2660,Team-based problem-solving,skills,2025-08-20 15:13:20 UTC,2025-08-20 15:13:20 UTC,Soft Skills,
2659,Data storytelling,skills,2025-08-20 15:13:20 UTC,2025-08-20 15:13:20 UTC,Communications and PR,
2658,Business case development,skills,2025-08-20 15:13:20 UTC,2025-08-20 15:13:20 UTC,Business Strategy,
2657,Statistical analysis,skills,2025-08-20 15:13:20 UTC,2025-08-20 15:13:20 UTC,Research and Statistics,
2656,Dashboard creation,skills,2025-08-20 15:13:20 UTC,2025-08-20 15:13:20 UTC,Business Intelligence,
2655,Prescriptive analytics,skills,2025-08-20 15:13:19 UTC,2025-08-20 15:13:19 UTC,Data Analysis,
2654,Predictive modeling,skills,2025-08-20 15:13:19 UTC,2025-08-20 15:13:19 UTC,Engineering Simulation,
2653,Data cleaning,skills,2025-08-20 15:13:19 UTC,2025-08-20 15:13:19 UTC,Data Analysis,
2652,Communications Audit,skills,2025-08-14 20:32:20 UTC,2025-08-14 20:32:20 UTC,Risk and Compliance,
2651,Media planning,skills,2025-08-14 20:32:20 UTC,2025-08-14 20:32:20 UTC,Communications and PR,
2650,Messaging development,skills,2025-08-14 20:32:20 UTC,2025-08-14 20:32:20 UTC,Communications and PR,
2649,Competitive analysis,skills,2025-08-14 20:32:20 UTC,2025-08-14 20:32:20 UTC,Market Research,
2648,Content strategy,skills,2025-08-14 20:32:20 UTC,2025-08-14 20:32:20 UTC,Content Strategy,
2647,Digital marketing,skills,2025-08-14 20:32:20 UTC,2025-08-14 20:32:20 UTC,DevOps and Version Control,
2646,Report writing,skills,2025-08-14 20:32:20 UTC,2025-08-14 20:32:20 UTC,Business Communication,
2645,Presentation skills,skills,2025-08-14 20:32:20 UTC,2025-08-14 20:32:20 UTC,Business Communication,
2644,PR strategy,skills,2025-08-14 20:32:20 UTC,2025-08-14 20:32:20 UTC,Communications and PR,
2643,Marketing analytics,skills,2025-08-14 20:32:20 UTC,2025-08-14 20:32:20 UTC,Sales and Marketing,
2642,Campaign development,skills,2025-08-14 20:32:20 UTC,2025-08-14 20:32:20 UTC,Sales and Marketing,
2641,Consumer research,skills,2025-08-14 20:32:20 UTC,2025-08-14 20:32:20 UTC,Market Research,
2640,Brand strategy,skills,2025-08-14 20:32:20 UTC,2025-08-14 20:32:20 UTC,Sales and Marketing,
2639,Strategic communication planning,skills,2025-08-14 20:32:20 UTC,2025-08-14 20:32:20 UTC,Soft Skills,
2638,Product Development,skills,2025-08-10 06:06:49 UTC,2025-08-10 06:06:49 UTC,Product Management,
2637,Design,skills,2025-08-10 06:06:49 UTC,2025-08-10 06:06:49 UTC,Design,
2636,Data Science,skills,2025-08-10 06:06:49 UTC,2025-08-10 06:06:49 UTC,Data Science,
2635,AI/ML Development,skills,2025-08-10 06:06:49 UTC,2025-08-10 06:06:49 UTC,Machine Learning,
2634,Documentation and training,skills,2025-08-08 19:14:19 UTC,2025-08-08 19:14:19 UTC,Human Resources,
2633,Technical support,skills,2025-08-08 19:14:19 UTC,2025-08-08 19:14:19 UTC,Technical Skills,
2632,Version control (Git),skills,2025-08-08 19:14:19 UTC,2025-08-08 19:14:19 UTC,DevOps and Version Control,
2631,Change management,skills,2025-08-08 19:14:19 UTC,2025-08-08 19:14:19 UTC,Change Management,
2630,Business process mapping,skills,2025-08-08 19:14:19 UTC,2025-08-08 19:14:19 UTC,GIS and Spatial Analysis,
2629,Full-stack engineering,skills,2025-08-08 19:14:19 UTC,2025-08-08 19:14:19 UTC,Web Development,
2628,Back-end development,skills,2025-08-08 19:14:19 UTC,2025-08-08 19:14:19 UTC,Web Development,
2627,Front-end development,skills,2025-08-08 19:14:19 UTC,2025-08-08 19:14:19 UTC,Web Development,
2626,API integration,skills,2025-08-08 19:14:19 UTC,2025-08-08 19:14:19 UTC,API and Integration,
2625,Testing and quality assurance,skills,2025-08-08 19:14:19 UTC,2025-08-08 19:14:19 UTC,Quality Assurance and Testing,
2624,Workflow automation,skills,2025-08-08 19:14:19 UTC,2025-08-08 19:14:19 UTC,Robotics and Automation,
2623,Risk analysis,skills,2025-08-08 19:14:19 UTC,2025-08-08 19:14:19 UTC,Risk and Compliance,
2622,Stakeholder communication,skills,2025-08-08 19:14:19 UTC,2025-08-08 19:14:19 UTC,Client Relations,
2621,Requirements gathering,skills,2025-08-08 19:14:19 UTC,2025-08-08 19:14:19 UTC,UI/UX Design,
2620,Data visualization,skills,2025-08-08 19:14:19 UTC,2025-08-08 19:14:19 UTC,Business Intelligence,
2619,Dashboard design,skills,2025-08-08 19:14:19 UTC,2025-08-08 19:14:19 UTC,Business Intelligence,
2618,Gantt chart creation,skills,2025-08-08 19:14:19 UTC,2025-08-08 19:14:19 UTC,Project Management,
2617,Kanban boards,skills,2025-08-08 19:14:19 UTC,2025-08-08 19:14:19 UTC,Project Management,
2616,Scrum framework,skills,2025-08-08 19:14:19 UTC,2025-08-08 19:14:19 UTC,Project Management,
2615,Agile methodology,skills,2025-08-08 19:14:19 UTC,2025-08-08 19:14:19 UTC,Project Management,
2614,Wireframing,skills,2025-08-08 19:14:19 UTC,2025-08-08 19:14:19 UTC,UI/UX Design,
2613,UI/UX prototyping,skills,2025-08-08 19:14:19 UTC,2025-08-08 19:14:19 UTC,UI/UX Design,
2612,Cybersecurity awareness,skills,2025-08-08 19:14:19 UTC,2025-08-08 19:14:19 UTC,Cybersecurity,
2611,ERP system configuration,skills,2025-08-08 19:14:19 UTC,2025-08-08 19:14:19 UTC,Business Systems,
2610,CRM implementation,skills,2025-08-08 19:14:19 UTC,2025-08-08 19:14:19 UTC,Business Systems,
2609,Mobile app development,skills,2025-08-08 19:14:19 UTC,2025-08-08 19:14:19 UTC,Business Intelligence,
2608,Cloud-based application development,skills,2025-08-08 19:14:19 UTC,2025-08-08 19:14:19 UTC,Cloud Computing,
2607,Microsoft Access,skills,2025-08-08 19:14:19 UTC,2025-08-08 19:14:19 UTC,Database Management,
2606,Database architecture,skills,2025-08-08 19:14:19 UTC,2025-08-08 19:14:19 UTC,Database Management,
2605,Systems design,skills,2025-08-08 19:14:19 UTC,2025-08-08 19:14:19 UTC,Systems Engineering,
2604,Systems analysis,skills,2025-08-08 19:14:19 UTC,2025-08-08 19:14:19 UTC,Systems Engineering,
2603,Software development,skills,2025-08-08 19:14:19 UTC,2025-08-08 19:14:19 UTC,Software Development,
2602,Business analysis,skills,2025-08-08 19:14:19 UTC,2025-08-08 19:14:19 UTC,Business Strategy,
2601,Data analysis,skills,2025-08-08 19:14:19 UTC,2025-08-08 19:14:19 UTC,Data Analysis,
2600,Microsoft Project,skills,2025-08-08 19:14:18 UTC,2025-08-08 19:14:18 UTC,Communications and PR,
2599,Technical documentation,skills,2025-08-08 19:14:18 UTC,2025-08-08 19:14:18 UTC,Admin Support,
2598,Project management,skills,2025-08-08 19:14:18 UTC,2025-08-08 19:14:18 UTC,Project Management,
2597,Consulting frameworks,skills,2025-08-07 22:15:47 UTC,2025-08-07 22:15:47 UTC,Management Consulting,
2596,Agile methodologies,skills,2025-08-07 22:15:47 UTC,2025-08-07 22:15:47 UTC,Project Management,
2595,Client engagement,skills,2025-08-07 22:15:47 UTC,2025-08-07 22:15:47 UTC,Client Relations,
2594,Professional communication,skills,2025-08-07 22:15:47 UTC,2025-08-07 22:15:47 UTC,Soft Skills,
2593,Customer journey mapping,skills,2025-08-07 22:15:47 UTC,2025-08-07 22:15:47 UTC,GIS and Spatial Analysis,
2592,DEI strategy,skills,2025-08-07 22:15:47 UTC,2025-08-07 22:15:47 UTC,Public Policy and Advocacy,
2591,Product development,skills,2025-08-07 22:15:47 UTC,2025-08-07 22:15:47 UTC,Product Management,
2590,Innovation strategy,skills,2025-08-07 22:15:47 UTC,2025-08-07 22:15:47 UTC,Innovation Strategy,
2589,Corporate social responsibility,skills,2025-08-07 22:15:47 UTC,2025-08-07 22:15:47 UTC,Energy and Sustainability,
2588,ESG reporting,skills,2025-08-07 22:15:47 UTC,2025-08-07 22:15:47 UTC,Energy and Sustainability,
2587,Sustainability strategy,skills,2025-08-07 22:15:47 UTC,2025-08-07 22:15:47 UTC,Energy and Sustainability,
2586,Leadership strategy,skills,2025-08-07 22:15:47 UTC,2025-08-07 22:15:47 UTC,Soft Skills,
2585,Talent development,skills,2025-08-07 22:15:47 UTC,2025-08-07 22:15:47 UTC,Human Resources,
2584,HR analytics,skills,2025-08-07 22:15:47 UTC,2025-08-07 22:15:47 UTC,Human Resources,
2583,Performance measurement,skills,2025-08-07 22:15:47 UTC,2025-08-07 22:15:47 UTC,Performance Management,
2582,Pitch development,skills,2025-08-07 22:15:47 UTC,2025-08-07 22:15:47 UTC,Business Communication,
2581,Business writing,skills,2025-08-07 22:15:47 UTC,2025-08-07 22:15:47 UTC,Writing,
2580,UX analysis,skills,2025-08-07 22:15:47 UTC,2025-08-07 22:15:47 UTC,UI/UX Design,
2579,Stakeholder communication,skills,2025-08-07 22:15:47 UTC,2025-08-07 22:15:47 UTC,Client Relations,
2578,Go-to-market strategy,skills,2025-08-07 22:15:47 UTC,2025-08-07 22:15:47 UTC,Product Strategy,
2577,Pricing strategy,skills,2025-08-07 22:15:47 UTC,2025-08-07 22:15:47 UTC,Communications and PR,
2576,Supply chain analysis,skills,2025-08-07 22:15:47 UTC,2025-08-07 22:15:47 UTC,Supply Chain and Logistics,
2575,Business process improvement,skills,2025-08-07 22:15:47 UTC,2025-08-07 22:15:47 UTC,Operations Management,
2574,Change management,skills,2025-08-07 22:15:47 UTC,2025-08-07 22:15:47 UTC,Change Management,
2573,Competitive analysis,skills,2025-08-07 22:15:47 UTC,2025-08-07 22:15:47 UTC,Market Research,
2572,Power BI,skills,2025-08-07 22:15:47 UTC,2025-08-07 22:15:47 UTC,Business Intelligence,
2571,Data visualization,skills,2025-08-07 22:15:47 UTC,2025-08-07 22:15:47 UTC,Business Intelligence,
2570,Excel modeling,skills,2025-08-07 22:15:46 UTC,2025-08-07 22:15:46 UTC,Engineering Simulation,
2569,KPI development,skills,2025-08-07 22:15:46 UTC,2025-08-07 22:15:46 UTC,Performance Management,
2568,Project management,skills,2025-08-07 22:15:46 UTC,2025-08-07 22:15:46 UTC,Project Management,
2567,Operations management,skills,2025-08-07 22:15:46 UTC,2025-08-07 22:15:46 UTC,Operations Management,
2566,Sales strategy,skills,2025-08-07 22:15:46 UTC,2025-08-07 22:15:46 UTC,Sales Strategy,
2565,Customer segmentation,skills,2025-08-07 22:15:46 UTC,2025-08-07 22:15:46 UTC,Customer Analytics,
2564,CRM optimization,skills,2025-08-07 22:15:46 UTC,2025-08-07 22:15:46 UTC,Business Systems,
2563,SEM,skills,2025-08-07 22:15:46 UTC,2025-08-07 22:15:46 UTC,Sales and Marketing,
2562,Digital marketing,skills,2025-08-07 22:15:46 UTC,2025-08-07 22:15:46 UTC,DevOps and Version Control,
2561,Market research,skills,2025-08-07 22:15:46 UTC,2025-08-07 22:15:46 UTC,Market Research,
2560,Budgeting,skills,2025-08-07 22:15:46 UTC,2025-08-07 22:15:46 UTC,Financial Planning and Analysis,
2559,Financial analysis,skills,2025-08-07 22:15:46 UTC,2025-08-07 22:15:46 UTC,Financial Analysis,
2558,Strategic planning,skills,2025-08-07 22:15:46 UTC,2025-08-07 22:15:46 UTC,Business Strategy,
2557,PR,skills,2025-07-25 21:37:20 UTC,2025-07-25 21:37:20 UTC,Communications and PR,
2556,Social media,skills,2025-07-25 21:37:20 UTC,2025-07-25 21:37:20 UTC,Sales and Marketing,
2555,Marketing,skills,2025-07-25 21:37:20 UTC,2025-07-25 21:37:20 UTC,Sales and Marketing,
2554,Product Pitching,skills,2025-07-25 19:51:19 UTC,2025-07-25 19:51:19 UTC,Communications and PR,
2553,Business Case Development,skills,2025-07-25 19:51:19 UTC,2025-07-25 19:51:19 UTC,Business Strategy,
2552,Industry & Market Research,skills,2025-07-25 19:51:19 UTC,2025-07-25 19:51:19 UTC,Market Research,
2551,Procurement,skills,2025-07-25 19:51:19 UTC,2025-07-25 19:51:19 UTC,Communications and PR,
2550,Vendor & Supplier Coordination,skills,2025-07-25 19:51:19 UTC,2025-07-25 19:51:19 UTC,Operations Management,
2549,Product Lifecycle Management (PLM),skills,2025-07-25 19:51:19 UTC,2025-07-25 19:51:19 UTC,Communications and PR,
2548,Risk Analysis,skills,2025-07-25 19:51:19 UTC,2025-07-25 19:51:19 UTC,Risk and Compliance,
2547,Gantt Charts,skills,2025-07-25 19:51:19 UTC,2025-07-25 19:51:19 UTC,Project Management,
2546,Microsoft Excel for Engineering,skills,2025-07-25 19:51:19 UTC,2025-07-25 19:51:19 UTC,Microsoft Office Tools,
2545,Notion,skills,2025-07-25 19:51:19 UTC,2025-07-25 19:51:19 UTC,Productivity Tools,
2544,Jira,skills,2025-07-25 19:51:19 UTC,2025-07-25 19:51:19 UTC,Project Management,
2543,Trello,skills,2025-07-25 19:51:19 UTC,2025-07-25 19:51:19 UTC,Productivity Tools,
2542,Team Collaboration Tools (Slack),skills,2025-07-25 19:51:19 UTC,2025-07-25 19:51:19 UTC,Productivity Tools,
2541,Professional Email Communication,skills,2025-07-25 19:51:19 UTC,2025-07-25 19:51:19 UTC,Soft Skills,
2540,Engineering Consulting,skills,2025-07-25 19:51:19 UTC,2025-07-25 19:51:19 UTC,Engineering Consulting,
2539,Batteries & Power Systems,skills,2025-07-25 19:51:19 UTC,2025-07-25 19:51:19 UTC,Energy and Sustainability,
2538,Renewable Energy Systems,skills,2025-07-25 19:51:19 UTC,2025-07-25 19:51:19 UTC,Energy and Sustainability,
2537,Energy Systems,skills,2025-07-25 19:51:19 UTC,2025-07-25 19:51:19 UTC,Energy and Sustainability,
2536,ASTM Standards,skills,2025-07-25 19:51:19 UTC,2025-07-25 19:51:19 UTC,Engineering Standards and Compliance,
2535,ISO Standards,skills,2025-07-25 19:51:19 UTC,2025-07-25 19:51:19 UTC,Engineering Standards and Compliance,
2534,Engineering Standards (ASME),skills,2025-07-25 19:51:19 UTC,2025-07-25 19:51:19 UTC,Engineering Standards and Compliance,
2533,Environmental Impact Assessment,skills,2025-07-25 19:51:19 UTC,2025-07-25 19:51:19 UTC,Engineering Standards and Compliance,
2532,Life Cycle Assessment (LCA),skills,2025-07-25 19:51:19 UTC,2025-07-25 19:51:19 UTC,Engineering Standards and Compliance,
2531,Sustainability Engineering,skills,2025-07-25 19:51:19 UTC,2025-07-25 19:51:19 UTC,Energy and Sustainability,
2530,User-Centered Design,skills,2025-07-25 19:51:19 UTC,2025-07-25 19:51:19 UTC,Design,
2529,Communication with Non-Engineers,skills,2025-07-25 19:51:19 UTC,2025-07-25 19:51:19 UTC,Soft Skills,
2528,Scrum Framework,skills,2025-07-25 19:51:19 UTC,2025-07-25 19:51:19 UTC,Project Management,
2527,Agile Methodology,skills,2025-07-25 19:51:19 UTC,2025-07-25 19:51:19 UTC,Project Management,
2526,Time Management,skills,2025-07-25 19:51:19 UTC,2025-07-25 19:51:19 UTC,Soft Skills,
2525,Interdisciplinary Collaboration,skills,2025-07-25 19:51:19 UTC,2025-07-25 19:51:19 UTC,Soft Skills,
2524,IP & Patent Research,skills,2025-07-25 19:51:19 UTC,2025-07-25 19:51:19 UTC,Intellectual Property,
2523,Safety Engineering,skills,2025-07-25 19:51:19 UTC,2025-07-25 19:51:19 UTC,Engineering Standards and Compliance,
2522,Engineering Ethics,skills,2025-07-25 19:51:19 UTC,2025-07-25 19:51:19 UTC,Engineering Standards and Compliance,
2521,Technical Presentations,skills,2025-07-25 19:51:19 UTC,2025-07-25 19:51:19 UTC,Business Communication,
2520,Engineering Reports,skills,2025-07-25 19:51:19 UTC,2025-07-25 19:51:19 UTC,Monitoring and Reporting,
2519,Experimental Design,skills,2025-07-25 19:51:19 UTC,2025-07-25 19:51:19 UTC,Signal and Data Processing,
2518,Testing & Validation,skills,2025-07-25 19:51:19 UTC,2025-07-25 19:51:19 UTC,Quality Assurance and Testing,
2517,Signal Processing,skills,2025-07-25 19:51:19 UTC,2025-07-25 19:51:19 UTC,Communications and PR,
2516,NI DAQ Systems,skills,2025-07-25 19:51:18 UTC,2025-07-25 19:51:18 UTC,Data Acquisition Systems,
2515,Hydraulics,skills,2025-07-25 19:51:18 UTC,2025-07-25 19:51:18 UTC,Mechanical Engineering,
2514,Pneumatics,skills,2025-07-25 19:51:18 UTC,2025-07-25 19:51:18 UTC,Mechanical Engineering,
2513,Actuator Design,skills,2025-07-25 19:51:18 UTC,2025-07-25 19:51:18 UTC,Mechanical Design,
2512,Motion Control,skills,2025-07-25 19:51:18 UTC,2025-07-25 19:51:18 UTC,Mechanical Engineering,
2511,Mechatronics,skills,2025-07-25 19:51:18 UTC,2025-07-25 19:51:18 UTC,Mechanical Engineering,
2510,Data Acquisition (DAQ),skills,2025-07-25 19:51:18 UTC,2025-07-25 19:51:18 UTC,UI/UX Design,
2509,Sensors & Instrumentation,skills,2025-07-25 19:51:18 UTC,2025-07-25 19:51:18 UTC,Electrical Engineering,
2508,Electrical Wiring & Circuit Design,skills,2025-07-25 19:51:18 UTC,2025-07-25 19:51:18 UTC,Electrical Engineering,
2507,Python for Engineering,skills,2025-07-25 19:51:18 UTC,2025-07-25 19:51:18 UTC,Programming Languages,
2506,HVAC Load Calculations,skills,2025-07-25 19:51:18 UTC,2025-07-25 19:51:18 UTC,Mechanical Engineering,
2505,Pumps & Piping Systems,skills,2025-07-25 19:51:18 UTC,2025-07-25 19:51:18 UTC,Mechanical Engineering,
2504,HVAC Systems,skills,2025-07-25 19:51:18 UTC,2025-07-25 19:51:18 UTC,Mechanical Engineering,
2503,Fluid Dynamics Simulation,skills,2025-07-25 19:51:18 UTC,2025-07-25 19:51:18 UTC,Mechanical Engineering,
2502,Fluid Mechanics,skills,2025-07-25 19:51:18 UTC,2025-07-25 19:51:18 UTC,UI/UX Design,
2501,Heat Transfer,skills,2025-07-25 19:51:18 UTC,2025-07-25 19:51:18 UTC,Mechanical Engineering,
2500,Thermal Systems Design,skills,2025-07-25 19:51:18 UTC,2025-07-25 19:51:18 UTC,Systems Engineering,
2499,Quality Engineering,skills,2025-07-25 19:51:18 UTC,2025-07-25 19:51:18 UTC,Quality Assurance and Testing,
2498,Failure Mode & Effects Analysis (FMEA),skills,2025-07-25 19:51:18 UTC,2025-07-25 19:51:18 UTC,Quality and Reliability Engineering,
2497,Cost Estimation,skills,2025-07-25 19:51:18 UTC,2025-07-25 19:51:18 UTC,Financial Analysis,
2496,Engineering Economics,skills,2025-07-25 19:51:18 UTC,2025-07-25 19:51:18 UTC,Financial Analysis,
2495,DFA (Design for Assembly),skills,2025-07-25 19:51:18 UTC,2025-07-25 19:51:18 UTC,Sales and Marketing,
2494,DFM (Design for Manufacturing),skills,2025-07-25 19:51:18 UTC,2025-07-25 19:51:18 UTC,Manufacturing Engineering,
2493,Injection Molding,skills,2025-07-25 19:51:18 UTC,2025-07-25 19:51:18 UTC,Mechanical Engineering,
2492,CNC Machining,skills,2025-07-25 19:51:18 UTC,2025-07-25 19:51:18 UTC,Mechanical Engineering,
2491,Manufacturing Processes,skills,2025-07-25 19:51:18 UTC,2025-07-25 19:51:18 UTC,Communications and PR,
2490,Material Selection,skills,2025-07-25 19:51:18 UTC,2025-07-25 19:51:18 UTC,Mechanical Engineering,
2489,Mechanism Design,skills,2025-07-25 19:51:18 UTC,2025-07-25 19:51:18 UTC,Mechanical Design,
2488,Kinematics & Dynamics,skills,2025-07-25 19:51:18 UTC,2025-07-25 19:51:18 UTC,Mechanical Engineering,
2487,Machine Design,skills,2025-07-25 19:51:18 UTC,2025-07-25 19:51:18 UTC,Mechanical Design,
2486,Geometric Dimensioning and Tolerancing (GD&T),skills,2025-07-25 19:51:18 UTC,2025-07-25 19:51:18 UTC,CAD and Engineering Design,
2485,Tolerance Stack-up Analysis,skills,2025-07-25 19:51:18 UTC,2025-07-25 19:51:18 UTC,Quality and Reliability Engineering,
2484,Engineering Drawing & Documentation,skills,2025-07-25 19:51:18 UTC,2025-07-25 19:51:18 UTC,Admin Support,
2483,COMSOL Multiphysics,skills,2025-07-25 19:51:18 UTC,2025-07-25 19:51:18 UTC,CAD and Engineering Design,
2482,ANSYS,skills,2025-07-25 19:51:18 UTC,2025-07-25 19:51:18 UTC,CAD and Engineering Design,
2481,3D Printing,skills,2025-07-25 19:51:18 UTC,2025-07-25 19:51:18 UTC,Communications and PR,
2480,AutoCAD,skills,2025-07-25 19:51:18 UTC,2025-07-25 19:51:18 UTC,CAD and Engineering Design,
2479,Fusion 360,skills,2025-07-25 19:51:18 UTC,2025-07-25 19:51:18 UTC,CAD and Engineering Design,
2478,SolidWorks,skills,2025-07-25 19:51:18 UTC,2025-07-25 19:51:18 UTC,CAD and Engineering Design,
2477,3D CAD Modeling,skills,2025-07-25 19:51:18 UTC,2025-07-25 19:51:18 UTC,CAD and Engineering Design,
2476,Mechanical Design,skills,2025-07-25 19:51:18 UTC,2025-07-25 19:51:18 UTC,Mechanical Design,
2475,Software Testing,skills,2025-07-21 21:58:42 UTC,2025-07-21 21:58:42 UTC,Quality Assurance and Testing,
2474,Data Wrangling,skills,2025-07-21 21:58:42 UTC,2025-07-21 21:58:42 UTC,Data Engineering,
2473,Neural Networks,skills,2025-07-21 21:58:42 UTC,2025-07-21 21:58:42 UTC,Machine Learning,
2472,Clustering Techniques,skills,2025-07-21 21:58:42 UTC,2025-07-21 21:58:42 UTC,Machine Learning,
2471,Regression Analysis,skills,2025-07-21 21:58:42 UTC,2025-07-21 21:58:42 UTC,Research and Statistics,
2470,Classification Algorithms,skills,2025-07-21 21:58:42 UTC,2025-07-21 21:58:42 UTC,Machine Learning,
2469,Machine Learning Pipelines,skills,2025-07-21 21:58:42 UTC,2025-07-21 21:58:42 UTC,Machine Learning,
2468,Feature Engineering,skills,2025-07-21 21:58:42 UTC,2025-07-21 21:58:42 UTC,Engineering Simulation,
2467,Model Evaluation,skills,2025-07-21 21:58:42 UTC,2025-07-21 21:58:42 UTC,Financial Analysis,
2466,Agile Development,skills,2025-07-21 21:58:42 UTC,2025-07-21 21:58:42 UTC,Project Management,
2465,VS Code,skills,2025-07-21 21:58:42 UTC,2025-07-21 21:58:42 UTC,Development Tools,
2464,Linux,skills,2025-07-21 21:58:42 UTC,2025-07-21 21:58:42 UTC,UI/UX Design,
2463,Docker,skills,2025-07-21 21:58:42 UTC,2025-07-21 21:58:42 UTC,DevOps and Version Control,
2462,Flask,skills,2025-07-21 21:58:42 UTC,2025-07-21 21:58:42 UTC,Data Science Tools,
2461,JSON,skills,2025-07-21 21:58:42 UTC,2025-07-21 21:58:42 UTC,API and Integration,
2460,REST APIs,skills,2025-07-21 21:58:42 UTC,2025-07-21 21:58:42 UTC,API and Integration,
2459,Data Cleaning,skills,2025-07-21 21:58:42 UTC,2025-07-21 21:58:42 UTC,Data Analysis,
2458,GitHub,skills,2025-07-21 21:58:42 UTC,2025-07-21 21:58:42 UTC,DevOps and Version Control,
2457,Git,skills,2025-07-21 21:58:42 UTC,2025-07-21 21:58:42 UTC,DevOps and Version Control,
2456,Jupyter Notebooks,skills,2025-07-21 21:58:42 UTC,2025-07-21 21:58:42 UTC,Data Science Tools,
2455,NumPy,skills,2025-07-21 21:58:42 UTC,2025-07-21 21:58:42 UTC,Data Science Tools,
2454,Pandas,skills,2025-07-21 21:58:42 UTC,2025-07-21 21:58:42 UTC,Data Science Tools,
2453,PyTorch,skills,2025-07-21 21:58:42 UTC,2025-07-21 21:58:42 UTC,Data Science Tools,
2452,TensorFlow,skills,2025-07-21 21:58:42 UTC,2025-07-21 21:58:42 UTC,Data Science Tools,
2451,Scikit-learn,skills,2025-07-21 21:58:42 UTC,2025-07-21 21:58:42 UTC,Data Science Tools,
2450,KPI Development,skills,2025-06-30 19:49:52 UTC,2025-06-30 19:49:52 UTC,Performance Management,
2449,Trend Analysis,skills,2025-06-30 19:49:52 UTC,2025-06-30 19:49:52 UTC,Market Analysis and Forecasting,
2448,Customer Journey Mapping,skills,2025-06-30 19:49:52 UTC,2025-06-30 19:49:52 UTC,GIS and Spatial Analysis,
2447,Benchmarking,skills,2025-06-30 19:49:52 UTC,2025-06-30 19:49:52 UTC,Performance Management,
2446,Performance Management,skills,2025-06-30 19:49:52 UTC,2025-06-30 19:49:52 UTC,Performance Management,
2445,Stakeholder Interviewing,skills,2025-06-30 19:49:52 UTC,2025-06-30 19:49:52 UTC,Research and Statistics,
2444,Strategic Planning,skills,2025-06-30 19:49:52 UTC,2025-06-30 19:49:52 UTC,Business Strategy,
2443,Microsoft Office,skills,2025-06-26 17:14:55 UTC,2025-06-26 17:14:55 UTC,Microsoft Office Tools,
2442,International Relations,skills,2025-06-26 17:14:55 UTC,2025-06-26 17:14:55 UTC,International Business,
2431,Industry Trend Analysis,skills,2025-06-25 17:38:48 UTC,2025-06-25 17:38:48 UTC,Market Analysis and Forecasting,
2430,Primary Research,skills,2025-06-25 17:38:48 UTC,2025-06-25 17:38:48 UTC,Communications and PR,
2429,Slide Deck Development,skills,2025-06-25 17:38:48 UTC,2025-06-25 17:38:48 UTC,Business Communication,
2428,Google Workspace,skills,2025-06-25 17:38:48 UTC,2025-06-25 17:38:48 UTC,Productivity Tools,
2427,Strategic Storytelling,skills,2025-06-25 17:38:48 UTC,2025-06-25 17:38:48 UTC,Communications and PR,
2426,Blue Ocean Strategy,skills,2025-06-25 17:38:48 UTC,2025-06-25 17:38:48 UTC,Strategic Planning,
2425,Financial Forecasting,skills,2025-06-25 17:38:48 UTC,2025-06-25 17:38:48 UTC,Financial Planning and Analysis,
2424,Business Model Design,skills,2025-06-25 17:38:48 UTC,2025-06-25 17:38:48 UTC,Business Skills,
2423,Omnichannel Retail,skills,2025-06-25 17:38:48 UTC,2025-06-25 17:38:48 UTC,Retail Strategy,
2422,E-Commerce Expansion,skills,2025-06-25 17:38:48 UTC,2025-06-25 17:38:48 UTC,E-Commerce,
2421,Digital Marketing,skills,2025-06-25 17:38:48 UTC,2025-06-25 17:38:48 UTC,DevOps and Version Control,
2420,Product Positioning,skills,2025-06-25 17:38:48 UTC,2025-06-25 17:38:48 UTC,Communications and PR,
2419,Competitive Benchmarking,skills,2025-06-25 17:38:48 UTC,2025-06-25 17:38:48 UTC,Performance Management,
2418,SWOT Analysis,skills,2025-06-25 17:38:47 UTC,2025-06-25 17:38:47 UTC,Strategic Analysis,
2417,Customer Interviews,skills,2025-06-25 17:38:47 UTC,2025-06-25 17:38:47 UTC,Customer Analytics,
2416,Market Segmentation,skills,2025-06-25 17:38:47 UTC,2025-06-25 17:38:47 UTC,Market Research,
2415,Project Management,skills,2025-06-18 20:05:16 UTC,2025-06-18 20:05:16 UTC,Communications and PR,
2414,ArcGIS,skills,2025-06-18 20:05:16 UTC,2025-06-18 20:05:16 UTC,GIS and Spatial Analysis,
2413,Spatial,skills,2025-06-18 20:05:16 UTC,2025-06-18 20:05:16 UTC,GIS and Spatial Analysis,
2412,Zoning,skills,2025-06-18 20:05:16 UTC,2025-06-18 20:05:16 UTC,GIS and Spatial Analysis,
2411,Housing,skills,2025-06-18 20:05:16 UTC,2025-06-18 20:05:16 UTC,Real Estate and Housing,
2410,Urban,skills,2025-06-18 20:05:16 UTC,2025-06-18 20:05:16 UTC,Urban Planning,
2409,CRM,skills,2025-06-10 16:49:00 UTC,2025-06-10 16:49:00 UTC,Business Systems,
2408,Google,skills,2025-06-10 16:49:00 UTC,2025-06-10 16:49:00 UTC,Google Tools,
2407,Microsoft,skills,2025-06-10 16:49:00 UTC,2025-06-10 16:49:00 UTC,Microsoft Tools,
2406,Impact Analysis,skills,2025-06-10 16:49:00 UTC,2025-06-10 16:49:00 UTC,Impact Assessment,
2405,Interviewing Skills,skills,2025-06-10 16:49:00 UTC,2025-06-10 16:49:00 UTC,Research and Statistics,
2404,Business Management,skills,2025-06-10 16:49:00 UTC,2025-06-10 16:49:00 UTC,Business Skills,
2403,Pricing,skills,2025-06-10 16:49:00 UTC,2025-06-10 16:49:00 UTC,Communications and PR,
2402,Financial,skills,2025-06-10 16:49:00 UTC,2025-06-10 16:49:00 UTC,Finance,
2401,Competitive,skills,2025-06-10 16:49:00 UTC,2025-06-10 16:49:00 UTC,Competitive Intelligence,
2400,Market,skills,2025-06-10 16:49:00 UTC,2025-06-10 16:49:00 UTC,Market Analysis,
2399,Python libraries,skills,2025-05-31 02:43:43 UTC,2025-05-31 02:43:43 UTC,Programming Languages,
2398,Tableau Dashboard Design,skills,2025-05-31 02:43:43 UTC,2025-05-31 02:43:43 UTC,Business Intelligence,
2396,Danger Assessment,skills,2025-05-31 02:43:43 UTC,2025-05-31 02:43:43 UTC,Risk Assessment,
2395,Risk Modeling,skills,2025-05-31 02:43:42 UTC,2025-05-31 02:43:42 UTC,Risk Modeling,
2394,Public Health Knowledge,skills,2025-05-31 02:43:42 UTC,2025-05-31 02:43:42 UTC,Mechanical Engineering,
2393,Sentiment analysis,skills,2025-05-31 02:43:42 UTC,2025-05-31 02:43:42 UTC,Text Analytics,
2392,Natural Language Processing (NLP),skills,2025-05-31 02:43:42 UTC,2025-05-31 02:43:42 UTC,Engineering Simulation,
2391,Data Confidentiality,skills,2025-05-31 02:43:42 UTC,2025-05-31 02:43:42 UTC,Development Tools,
2390,Data security,skills,2025-05-31 02:43:42 UTC,2025-05-31 02:43:42 UTC,Data Privacy and Ethics,
2389,Research Ethics,skills,2025-05-31 02:43:42 UTC,2025-05-31 02:43:42 UTC,Communications and PR,
2388,Criminology,skills,2025-05-31 02:43:42 UTC,2025-05-31 02:43:42 UTC,Criminology,
2387,Public Health,skills,2025-05-31 02:43:42 UTC,2025-05-31 02:43:42 UTC,Public Policy and Advocacy,
2386,Research Methodologies,skills,2025-05-31 02:43:42 UTC,2025-05-31 02:43:42 UTC,Research Methodologies,
2385,Hypothesis Testing,skills,2025-05-31 02:43:42 UTC,2025-05-31 02:43:42 UTC,Research Methods,
2384,Research Design,skills,2025-05-31 02:43:42 UTC,2025-05-31 02:43:42 UTC,Research and Statistics,
2383,SPSS,skills,2025-05-31 02:43:42 UTC,2025-05-31 02:43:42 UTC,Research and Statistics,
2382,R,skills,2025-05-31 02:43:42 UTC,2025-05-31 02:43:42 UTC,R Programming,
2381,Quantitative Analysis,skills,2025-05-31 02:43:42 UTC,2025-05-31 02:43:42 UTC,Research and Statistics,
2380,Political,skills,2025-05-30 20:15:40 UTC,2025-05-30 20:15:40 UTC,Public Policy and Advocacy,
2379,Advocacy,skills,2025-05-30 20:15:40 UTC,2025-05-30 20:15:40 UTC,Public Policy and Advocacy,
2378,DEI,skills,2025-05-30 19:55:44 UTC,2025-05-30 19:55:44 UTC,Public Policy and Advocacy,
2377,Strategic Planning,skills,2025-05-30 19:55:44 UTC,2025-05-30 19:55:44 UTC,Strategy,
2376,Legal,skills,2025-05-30 19:55:44 UTC,2025-05-30 19:55:44 UTC,Legal,
2375,Public,skills,2025-05-30 19:47:55 UTC,2025-05-30 19:47:55 UTC,Public Sector,
2374,Messaging,skills,2025-05-30 19:47:55 UTC,2025-05-30 19:47:55 UTC,Communications and PR,
2373,Civic,skills,2025-05-30 19:47:55 UTC,2025-05-30 19:47:55 UTC,Public Policy and Advocacy,
2372,Community,skills,2025-05-30 19:47:55 UTC,2025-05-30 19:47:55 UTC,Community Engagement,
2371,•,skills,2025-05-30 19:47:55 UTC,2025-05-30 19:47:55 UTC,Invalid Entry,
2370,Policy,skills,2025-05-30 19:47:55 UTC,2025-05-30 19:47:55 UTC,Public Policy and Advocacy,
2369,Tariffs,skills,2025-05-29 20:24:02 UTC,2025-05-29 20:24:02 UTC,International Business,
2368,ERP,skills,2025-05-29 20:24:02 UTC,2025-05-29 20:24:02 UTC,Business Systems,
2367,Supply Chain Management,skills,2025-05-29 20:24:02 UTC,2025-05-29 20:24:02 UTC,Supply Chain and Logistics,
2366,Stakeholder Analysis,skills,2025-05-28 17:56:07 UTC,2025-05-28 17:56:07 UTC,Client Relations,
2365,Survey Design (if applicable),skills,2025-05-28 17:56:07 UTC,2025-05-28 17:56:07 UTC,Research and Statistics,
2364,Academic-to-Professional Translation,skills,2025-05-28 17:56:07 UTC,2025-05-28 17:56:07 UTC,CAD and Engineering Design,
2363,Executive Communication,skills,2025-05-28 17:56:06 UTC,2025-05-28 17:56:06 UTC,Soft Skills,
2362,Data Sourcing,skills,2025-05-28 17:56:06 UTC,2025-05-28 17:56:06 UTC,Data Engineering,
2361,Financial Memo Writing,skills,2025-05-28 17:56:06 UTC,2025-05-28 17:56:06 UTC,Writing,
2360,Compliance Strategy,skills,2025-05-28 17:56:06 UTC,2025-05-28 17:56:06 UTC,Engineering Standards and Compliance,
2359,Internal Controls,skills,2025-05-28 17:56:06 UTC,2025-05-28 17:56:06 UTC,Accounting and Consulting,
2358,Risk Disclosures,skills,2025-05-28 17:56:06 UTC,2025-05-28 17:56:06 UTC,Accounting and Consulting,
2357,ABI/Inform,skills,2025-05-28 17:56:06 UTC,2025-05-28 17:56:06 UTC,Accounting and Consulting,
2356,Accounting Research Manager,skills,2025-05-28 17:56:06 UTC,2025-05-28 17:56:06 UTC,Accounting Standards,
2355,Policy Analysis,skills,2025-05-28 17:56:06 UTC,2025-05-28 17:56:06 UTC,Public Policy and Advocacy,
2354,Professional Standards Research,skills,2025-05-28 17:56:06 UTC,2025-05-28 17:56:06 UTC,Communications and PR,
2353,Ethics in Accounting,skills,2025-05-28 17:56:06 UTC,2025-05-28 17:56:06 UTC,Research Ethics,
2352,SEC Reporting,skills,2025-05-28 17:56:06 UTC,2025-05-28 17:56:06 UTC,Accounting and Consulting,
2351,IFRS Comparison,skills,2025-05-28 17:56:06 UTC,2025-05-28 17:56:06 UTC,Engineering Standards and Compliance,
2350,GAAP Interpretation,skills,2025-05-28 17:56:06 UTC,2025-05-28 17:56:06 UTC,Accounting and Consulting,
2349,Accounting Literature Review,skills,2025-05-28 17:56:06 UTC,2025-05-28 17:56:06 UTC,Accounting Standards,
2348,Financial Communication,skills,2025-05-28 17:48:03 UTC,2025-05-28 17:48:03 UTC,Soft Skills,
2347,Google Sheets,skills,2025-05-28 17:48:03 UTC,2025-05-28 17:48:03 UTC,Productivity Tools,
2346,Performance Dashboards,skills,2025-05-28 17:48:03 UTC,2025-05-28 17:48:03 UTC,Business Intelligence,
2345,Net Present Value,skills,2025-05-28 17:48:03 UTC,2025-05-28 17:48:03 UTC,Communications and PR,
2344,Internal Rate of Return,skills,2025-05-28 17:48:03 UTC,2025-05-28 17:48:03 UTC,Financial Analysis,
2343,Financial Projections,skills,2025-05-28 17:48:03 UTC,2025-05-28 17:48:03 UTC,Communications and PR,
2342,Capital Budgeting,skills,2025-05-28 17:48:03 UTC,2025-05-28 17:48:03 UTC,API and Integration,
2341,Contribution Margin,skills,2025-05-28 17:48:03 UTC,2025-05-28 17:48:03 UTC,Financial Analysis,
2340,Break-Even Analysis,skills,2025-05-28 17:48:03 UTC,2025-05-28 17:48:03 UTC,Financial Planning and Analysis,
2339,Time Value of Money,skills,2025-05-28 17:48:03 UTC,2025-05-28 17:48:03 UTC,Financial Analysis,
2338,Differential Costing,skills,2025-05-28 17:48:03 UTC,2025-05-28 17:48:03 UTC,Financial Analysis,
2337,Variance Analysis,skills,2025-05-28 17:48:03 UTC,2025-05-28 17:48:03 UTC,Financial Planning and Analysis,
2336,Budgeting Models,skills,2025-05-28 17:48:03 UTC,2025-05-28 17:48:03 UTC,Financial Planning and Analysis,
2335,Activity-Based Costing,skills,2025-05-28 17:48:02 UTC,2025-05-28 17:48:02 UTC,Financial Analysis,
2334,Process Costing,skills,2025-05-28 17:48:02 UTC,2025-05-28 17:48:02 UTC,Communications and PR,
2333,Job Order Costing,skills,2025-05-28 17:48:02 UTC,2025-05-28 17:48:02 UTC,Financial Analysis,
2332,Microsoft Excel,skills,2025-05-28 17:34:47 UTC,2025-05-28 17:34:47 UTC,Microsoft Office Tools,
2331,Google Slides,skills,2025-05-28 17:34:47 UTC,2025-05-28 17:34:47 UTC,Productivity Tools,
2330,Supply Chain Infrastructure,skills,2025-05-28 17:34:47 UTC,2025-05-28 17:34:47 UTC,Supply Chain and Logistics,
2329,Multi-Modal Transport,skills,2025-05-28 17:34:47 UTC,2025-05-28 17:34:47 UTC,Supply Chain and Logistics,
2328,Supplier Vetting,skills,2025-05-28 17:34:47 UTC,2025-05-28 17:34:47 UTC,Operations Management,
2327,Global Warehousing,skills,2025-05-28 17:34:47 UTC,2025-05-28 17:34:47 UTC,Supply Chain and Logistics,
2326,Documentation Flowcharts,skills,2025-05-28 17:34:47 UTC,2025-05-28 17:34:47 UTC,Admin Support,
2325,Import/Export Strategy,skills,2025-05-28 17:34:47 UTC,2025-05-28 17:34:47 UTC,Supply Chain and Logistics,
2324,Shipment Tracking,skills,2025-05-28 17:34:47 UTC,2025-05-28 17:34:47 UTC,Supply Chain and Logistics,
2323,Cargo Insurance,skills,2025-05-28 17:34:47 UTC,2025-05-28 17:34:47 UTC,Supply Chain and Logistics,
2322,Letters of Credit,skills,2025-05-28 17:34:47 UTC,2025-05-28 17:34:47 UTC,International Business,
2321,Trade Risk Assessment,skills,2025-05-28 17:34:47 UTC,2025-05-28 17:34:47 UTC,International Business,
2320,Customs Clearance,skills,2025-05-28 17:34:47 UTC,2025-05-28 17:34:47 UTC,Supply Chain and Logistics,
2319,Export Packaging,skills,2025-05-28 17:34:47 UTC,2025-05-28 17:34:47 UTC,Supply Chain and Logistics,
2318,Cross-Border Compliance,skills,2025-05-28 17:34:47 UTC,2025-05-28 17:34:47 UTC,Supply Chain and Logistics,
2317,Air Freight,skills,2025-05-28 17:34:47 UTC,2025-05-28 17:34:47 UTC,Supply Chain and Logistics,
2316,Ocean Freight,skills,2025-05-28 17:34:47 UTC,2025-05-28 17:34:47 UTC,Supply Chain and Logistics,
2315,International Contracts,skills,2025-05-28 17:34:47 UTC,2025-05-28 17:34:47 UTC,International Business,
2314,Freight Routing,skills,2025-05-28 17:34:47 UTC,2025-05-28 17:34:47 UTC,Supply Chain and Logistics,
2313,Incoterms,skills,2025-05-28 17:34:47 UTC,2025-05-28 17:34:47 UTC,Supply Chain and Logistics,
2312,Technical Communication,skills,2025-05-27 20:11:57 UTC,2025-05-27 20:11:57 UTC,Soft Skills,
2311,Innovation Management,skills,2025-05-27 20:11:57 UTC,2025-05-27 20:11:57 UTC,Product Management,
2310,Strategic Roadmapping,skills,2025-05-27 20:11:57 UTC,2025-05-27 20:11:57 UTC,GIS and Spatial Analysis,
2309,Product Validation,skills,2025-05-27 20:11:57 UTC,2025-05-27 20:11:57 UTC,Quality Assurance and Testing,
2308,Technology Scouting,skills,2025-05-27 20:11:57 UTC,2025-05-27 20:11:57 UTC,Product Management,
2307,Regulatory Research,skills,2025-05-27 20:11:57 UTC,2025-05-27 20:11:57 UTC,Risk and Compliance,
2306,IP Landscape Research,skills,2025-05-27 20:11:57 UTC,2025-05-27 20:11:57 UTC,Intellectual Property,
2305,R&D Strategy,skills,2025-05-27 20:11:57 UTC,2025-05-27 20:11:57 UTC,Research and Development,
2304,SQL,skills,2025-05-27 20:11:57 UTC,2025-05-27 20:11:57 UTC,Database Management,
2303,Software Development,skills,2025-05-27 20:11:57 UTC,2025-05-27 20:11:57 UTC,Software Development,
2302,Design Thinking,skills,2025-05-27 20:11:57 UTC,2025-05-27 20:11:57 UTC,Innovation and Design Thinking,
2301,CRM Platforms,skills,2025-05-27 20:11:57 UTC,2025-05-27 20:11:57 UTC,Business Systems,
2300,Survey Tools,skills,2025-05-27 20:11:57 UTC,2025-05-27 20:11:57 UTC,Research and Statistics,
2299,Pitch Deck Design,skills,2025-05-27 20:11:57 UTC,2025-05-27 20:11:57 UTC,Presentation Design,
2298,Financial Modeling,skills,2025-05-27 20:11:57 UTC,2025-05-27 20:11:57 UTC,Financial Analysis,
2297,Pricing Strategy,skills,2025-05-27 20:11:57 UTC,2025-05-27 20:11:57 UTC,Communications and PR,
2296,TAM SAM SOM Analysis,skills,2025-05-27 20:11:57 UTC,2025-05-27 20:11:57 UTC,Product Strategy,
2295,Go-To-Market Strategy,skills,2025-05-27 20:11:57 UTC,2025-05-27 20:11:57 UTC,Product Strategy,
2294,Customer Discovery,skills,2025-05-27 20:11:57 UTC,2025-05-27 20:11:57 UTC,Customer Analytics,
2293,Market Sizing,skills,2025-05-27 20:11:57 UTC,2025-05-27 20:11:57 UTC,Market Research,
2292,Competitive Analysis,skills,2025-05-27 20:11:57 UTC,2025-05-27 20:11:57 UTC,Market Research,
2291,Lean Startup,skills,2025-05-27 20:11:57 UTC,2025-05-27 20:11:57 UTC,Operations Management,
2290,Business Model Canvas,skills,2025-05-27 20:11:57 UTC,2025-05-27 20:11:57 UTC,Product Management,
2288,PowerPoint,skills,2025-05-15 16:06:11 UTC,2025-05-15 16:06:11 UTC,Productivity Tools,
2287,Adobe,skills,2025-05-15 16:06:11 UTC,2025-05-15 16:06:11 UTC,Design and Creative,
2286,Project Coordination,skills,2025-05-13 02:35:28 UTC,2025-05-13 02:35:28 UTC,Communications and PR,
2285,Cross-Cultural,skills,2025-05-13 02:35:28 UTC,2025-05-13 02:35:28 UTC,International Business,
2284,Program Management,skills,2025-05-13 02:35:28 UTC,2025-05-13 02:35:28 UTC,Communications and PR,
2283,Implementation,skills,2025-05-13 02:35:28 UTC,2025-05-13 02:35:28 UTC,Implementation and Deployment,
2282,Stakeholder,skills,2025-05-13 02:35:28 UTC,2025-05-13 02:35:28 UTC,Client Relations,
2281,Qualitative,skills,2025-05-13 02:35:28 UTC,2025-05-13 02:35:28 UTC,Qualitative Research,
2280,Dashboard,skills,2025-05-13 02:35:28 UTC,2025-05-13 02:35:28 UTC,Business Intelligence,
2279,Data Management,skills,2025-05-13 02:35:28 UTC,2025-05-13 02:35:28 UTC,Data Skills,
2278,Monitoring,skills,2025-05-13 02:35:28 UTC,2025-05-13 02:35:28 UTC,Monitoring and Reporting,
2277,Security Awareness,skills,2025-05-09 19:05:50 UTC,2025-05-09 19:05:50 UTC,Cybersecurity,
2276,Social Engineering Testing,skills,2025-05-09 19:05:50 UTC,2025-05-09 19:05:50 UTC,Quality Assurance and Testing,
2275,Blue Teaming,skills,2025-05-09 19:05:50 UTC,2025-05-09 19:05:50 UTC,Security Operations,
2274,Red Teaming,skills,2025-05-09 19:05:50 UTC,2025-05-09 19:05:50 UTC,Security Operations,
2273,Cloud Security,skills,2025-05-09 19:05:50 UTC,2025-05-09 19:05:50 UTC,Cloud Computing,
2272,Active Directory,skills,2025-05-09 19:05:50 UTC,2025-05-09 19:05:50 UTC,Cybersecurity,
2271,Identity and Access Management,skills,2025-05-09 19:05:50 UTC,2025-05-09 19:05:50 UTC,Development Tools,
2270,Windows Administration,skills,2025-05-09 19:05:50 UTC,2025-05-09 19:05:50 UTC,Admin Support,
2269,Linux Administration,skills,2025-05-09 19:05:50 UTC,2025-05-09 19:05:50 UTC,UI/UX Design,
2268,Log Analysis,skills,2025-05-09 19:05:50 UTC,2025-05-09 19:05:50 UTC,Security Analysis,
2267,SIEM Tools,skills,2025-05-09 19:05:50 UTC,2025-05-09 19:05:50 UTC,Cybersecurity,
2266,IDS and IPS,skills,2025-05-09 19:05:50 UTC,2025-05-09 19:05:50 UTC,Cybersecurity,
2265,Network Monitoring,skills,2025-05-09 19:05:50 UTC,2025-05-09 19:05:50 UTC,Monitoring and Reporting,
2264,Firewall Configuration,skills,2025-05-09 19:05:50 UTC,2025-05-09 19:05:50 UTC,Cybersecurity,
2263,Code Review,skills,2025-05-09 19:05:50 UTC,2025-05-09 19:05:50 UTC,Secure Software Development,
2262,Secure Coding,skills,2025-05-09 19:05:50 UTC,2025-05-09 19:05:50 UTC,Secure Software Development,
2261,Governance Risk and Compliance,skills,2025-05-09 19:05:50 UTC,2025-05-09 19:05:50 UTC,Cybersecurity,
2260,Risk Management,skills,2025-05-09 19:05:50 UTC,2025-05-09 19:05:50 UTC,Cybersecurity,
2259,Incident Response,skills,2025-05-09 19:05:50 UTC,2025-05-09 19:05:50 UTC,Cybersecurity,
2258,Digital Forensics,skills,2025-05-09 19:05:50 UTC,2025-05-09 19:05:50 UTC,DevOps and Version Control,
2257,Threat Modeling,skills,2025-05-09 19:05:50 UTC,2025-05-09 19:05:50 UTC,Engineering Simulation,
2256,Vulnerability Assessment,skills,2025-05-09 19:05:50 UTC,2025-05-09 19:05:50 UTC,Cybersecurity,
2255,Penetration Testing,skills,2025-05-09 19:05:50 UTC,2025-05-09 19:05:50 UTC,Quality Assurance and Testing,
2254,Technical Documentation,skills,2025-05-09 18:57:46 UTC,2025-05-09 18:57:46 UTC,Admin Support,
2253,Testing and Debugging,skills,2025-05-09 18:57:46 UTC,2025-05-09 18:57:46 UTC,Quality Assurance and Testing,
2252,System Modeling,skills,2025-05-09 18:57:46 UTC,2025-05-09 18:57:46 UTC,Engineering Simulation,
2251,Power Electronics,skills,2025-05-09 18:57:46 UTC,2025-05-09 18:57:46 UTC,Electrical Engineering,
2250,Sensor Integration,skills,2025-05-09 18:57:46 UTC,2025-05-09 18:57:46 UTC,Electrical Engineering,
2249,Data Acquisition,skills,2025-05-09 18:57:46 UTC,2025-05-09 18:57:46 UTC,UI/UX Design,
2248,C++ Programming,skills,2025-05-09 18:57:46 UTC,2025-05-09 18:57:46 UTC,Programming Languages,
2247,C Programming,skills,2025-05-09 18:57:46 UTC,2025-05-09 18:57:46 UTC,Programming Languages,
2246,Schematic Capture,skills,2025-05-09 18:57:46 UTC,2025-05-09 18:57:46 UTC,CAD and Engineering Design,
2245,PCB Fabrication,skills,2025-05-09 18:57:46 UTC,2025-05-09 18:57:46 UTC,CAD and Engineering Design,
2244,PCB Layout,skills,2025-05-09 18:57:46 UTC,2025-05-09 18:57:46 UTC,CAD and Engineering Design,
2243,Control Systems,skills,2025-05-09 18:57:46 UTC,2025-05-09 18:57:46 UTC,Electrical Engineering,
2242,Wireless Communication,skills,2025-05-09 18:57:46 UTC,2025-05-09 18:57:46 UTC,Soft Skills,
2241,Analog Signal Processing,skills,2025-05-09 18:57:46 UTC,2025-05-09 18:57:46 UTC,Communications and PR,
2240,Digital Logic,skills,2025-05-09 18:57:46 UTC,2025-05-09 18:57:46 UTC,DevOps and Version Control,
2239,FPGA Design,skills,2025-05-09 18:57:46 UTC,2025-05-09 18:57:46 UTC,Hardware Design,
2238,Embedded Systems,skills,2025-05-09 18:57:46 UTC,2025-05-09 18:57:46 UTC,Electrical Engineering,
2237,Circuit Design,skills,2025-05-09 18:57:46 UTC,2025-05-09 18:57:46 UTC,Electrical Engineering,
2236,Testing and Validation,skills,2025-05-09 18:45:38 UTC,2025-05-09 18:45:38 UTC,Quality Assurance and Testing,
2235,Maintenance Planning,skills,2025-05-09 18:45:38 UTC,2025-05-09 18:45:38 UTC,Manufacturing Engineering,
2234,Standard Operating Procedures,skills,2025-05-09 18:45:38 UTC,2025-05-09 18:45:38 UTC,Communications and PR,
2233,Tableau,skills,2025-05-09 18:45:38 UTC,2025-05-09 18:45:38 UTC,Business Intelligence,
2232,Cost Benefit Analysis,skills,2025-05-09 18:45:38 UTC,2025-05-09 18:45:38 UTC,Cost Analysis,
2231,Excel Modeling,skills,2025-05-09 18:45:38 UTC,2025-05-09 18:45:38 UTC,Engineering Simulation,
2230,PLC Programming,skills,2025-05-09 18:45:38 UTC,2025-05-09 18:45:38 UTC,Programming Languages,
2229,Simulation Tools,skills,2025-05-09 18:45:38 UTC,2025-05-09 18:45:38 UTC,Engineering Simulation,
2228,CAD (SolidWorks),skills,2025-05-09 18:45:38 UTC,2025-05-09 18:45:38 UTC,CAD and Engineering Design,
2227,Production Scheduling,skills,2025-05-09 18:45:38 UTC,2025-05-09 18:45:38 UTC,Communications and PR,
2226,Statistical Process Control (SPC),skills,2025-05-09 18:45:38 UTC,2025-05-09 18:45:38 UTC,Research and Statistics,
2225,Design for Manufacturing (DFM/DFA),skills,2025-05-09 18:45:38 UTC,2025-05-09 18:45:38 UTC,Manufacturing Engineering,
2224,Workflow Optimization,skills,2025-05-09 18:45:38 UTC,2025-05-09 18:45:38 UTC,Operations Management,
2223,Process Mapping,skills,2025-05-09 18:45:38 UTC,2025-05-09 18:45:38 UTC,GIS and Spatial Analysis,
2222,Value Stream Mapping,skills,2025-05-09 18:45:38 UTC,2025-05-09 18:45:38 UTC,Operations Management,
2221,Root Cause Analysis,skills,2025-05-09 18:45:38 UTC,2025-05-09 18:45:38 UTC,Quality and Reliability Engineering,
2220,Six Sigma,skills,2025-05-09 18:45:38 UTC,2025-05-09 18:45:38 UTC,Operations Management,
2219,Lean Manufacturing,skills,2025-05-09 18:45:38 UTC,2025-05-09 18:45:38 UTC,Operations Management,
2218,Engineering Communication,skills,2025-05-09 18:25:24 UTC,2025-05-09 18:25:24 UTC,Soft Skills,
2217,Presentations,skills,2025-05-09 18:25:24 UTC,2025-05-09 18:25:24 UTC,Business Communication,
2216,Testing,skills,2025-05-09 18:25:24 UTC,2025-05-09 18:25:24 UTC,Quality Assurance and Testing,
2215,Project Management,skills,2025-05-09 18:25:24 UTC,2025-05-09 18:25:24 UTC,Project Management,
2214,Technical Writing and Documentation,skills,2025-05-09 18:25:24 UTC,2025-05-09 18:25:24 UTC,Admin Support,
2213,Robotics,skills,2025-05-09 18:25:24 UTC,2025-05-09 18:25:24 UTC,Robotics and Automation,
2212,Data Collection,skills,2025-05-09 18:25:24 UTC,2025-05-09 18:25:24 UTC,Data Engineering,
2211,Simulink,skills,2025-05-09 18:25:24 UTC,2025-05-09 18:25:24 UTC,Engineering Simulation,
2210,LabVIEW,skills,2025-05-09 18:25:24 UTC,2025-05-09 18:25:24 UTC,Engineering Simulation,
2209,Electrical Systems Integration,skills,2025-05-09 18:25:24 UTC,2025-05-09 18:25:24 UTC,Electrical Engineering,
2208,Control Systems & Automation,skills,2025-05-09 18:25:24 UTC,2025-05-09 18:25:24 UTC,Electrical Engineering,
2207,C++,skills,2025-05-09 18:25:24 UTC,2025-05-09 18:25:24 UTC,Programming Languages,
2206,Python,skills,2025-05-09 18:25:24 UTC,2025-05-09 18:25:24 UTC,Programming Languages,
2205,MATLAB,skills,2025-05-09 18:25:24 UTC,2025-05-09 18:25:24 UTC,Engineering Simulation,
2204,Microcontroller Programming,skills,2025-05-09 18:25:24 UTC,2025-05-09 18:25:24 UTC,Research and Statistics,
2203,Raspberry Pi,skills,2025-05-09 18:25:24 UTC,2025-05-09 18:25:24 UTC,Electrical Engineering,
2202,Arduino,skills,2025-05-09 18:25:24 UTC,2025-05-09 18:25:24 UTC,Electrical Engineering,
2201,Rapid Prototyping,skills,2025-05-09 18:25:24 UTC,2025-05-09 18:25:24 UTC,API and Integration,
2200,Dynamics,skills,2025-05-09 18:25:24 UTC,2025-05-09 18:25:24 UTC,Mechanical Engineering,
2199,Statistics,skills,2025-05-09 18:25:24 UTC,2025-05-09 18:25:24 UTC,Statistics and Analytics,
2198,Materials,skills,2025-05-09 18:25:24 UTC,2025-05-09 18:25:24 UTC,Materials Science,
2197,Thermodynamics,skills,2025-05-09 18:25:24 UTC,2025-05-09 18:25:24 UTC,Mechanical Engineering,
2196,Engineering Analysis,skills,2025-05-09 18:25:24 UTC,2025-05-09 18:25:24 UTC,Engineering Analysis,
2195,Finite Element Analysis (FEA),skills,2025-05-09 18:25:24 UTC,2025-05-09 18:25:24 UTC,Engineering Simulation,
2194,Mechanical Design and Modeling,skills,2025-05-09 18:25:23 UTC,2025-05-09 18:25:23 UTC,Engineering Simulation,
684,Sales Copywriting,skills,2022-11-15 13:50:27 UTC,2022-12-05 19:49:41 UTC,Writing,
683,Marketing Copywriting,skills,2022-11-15 13:50:27 UTC,2022-12-05 19:49:41 UTC,Writing,
682,Ad & Email Copywriting,skills,2022-11-15 13:50:27 UTC,2022-12-05 19:49:41 UTC,Writing,
681,Technical Writing,skills,2022-11-15 13:50:27 UTC,2022-12-05 19:49:41 UTC,Writing,
680,Resume & Cover Letter Writing,skills,2022-11-15 13:50:27 UTC,2022-12-05 19:49:41 UTC,Writing,
679,Medical Writing,skills,2022-11-15 13:50:27 UTC,2022-12-05 19:49:41 UTC,Writing,
678,Legal Writing,skills,2022-11-15 13:50:27 UTC,2022-12-05 19:49:41 UTC,Writing,
677,Grant Writing,skills,2022-11-15 13:50:27 UTC,2022-12-05 19:49:41 UTC,Writing,
676,Business & Proposal Writing,skills,2022-11-15 13:50:27 UTC,2022-12-05 19:49:41 UTC,Writing,
675,Academic & Research Writing,skills,2022-11-15 13:50:27 UTC,2022-12-05 19:49:41 UTC,Writing,
674,Proofreading,skills,2022-11-15 13:50:27 UTC,2022-12-05 19:49:41 UTC,Writing,
673,Copy Editing,skills,2022-11-15 13:50:27 UTC,2022-12-05 19:49:41 UTC,Writing,
672,Writing Tutoring,skills,2022-11-15 13:50:27 UTC,2022-12-05 19:49:41 UTC,Writing,
671,Web & UX Writing,skills,2022-11-15 13:50:27 UTC,2022-12-05 19:53:17 UTC,Writing,
670,Scriptwriting,skills,2022-11-15 13:50:27 UTC,2022-12-05 19:49:41 UTC,Writing,
669,Ghostwriting,skills,2022-11-15 13:50:27 UTC,2022-12-05 19:49:41 UTC,Writing,
668,Creative Writing,skills,2022-11-15 13:50:27 UTC,2022-12-05 19:49:41 UTC,Writing,
667,Article & Blog Writing,skills,2022-11-15 13:50:27 UTC,2022-12-05 19:49:41 UTC,Writing,
666,Firmware Development,skills,2022-11-15 13:50:27 UTC,2022-12-05 19:53:17 UTC,"Web, Mobile, and Software Development",
665,Emerging Tech,skills,2022-11-15 13:50:27 UTC,2022-12-05 19:53:17 UTC,"Web, Mobile, and Software Development",
664,Database Development,skills,2022-11-15 13:50:27 UTC,2022-12-05 19:53:17 UTC,"Web, Mobile, and Software Development",
663,Coding Tutoring,skills,2022-11-15 13:50:27 UTC,2022-12-05 19:53:17 UTC,"Web, Mobile, and Software Development",
662,AR/VR Development,skills,2022-11-15 13:50:27 UTC,2022-12-05 19:53:17 UTC,"Web, Mobile, and Software Development",
661,Full Stack Development,skills,2022-11-15 13:50:27 UTC,2022-12-05 19:53:17 UTC,"Web, Mobile, and Software Development",
660,Front-End Development,skills,2022-11-15 13:50:27 UTC,2022-12-05 19:53:17 UTC,"Web, Mobile, and Software Development",
659,CMS Development,skills,2022-11-15 13:50:27 UTC,2022-12-05 19:53:17 UTC,"Web, Mobile, and Software Development",
658,Back-End Development,skills,2022-11-15 13:50:27 UTC,2022-12-05 19:53:17 UTC,"Web, Mobile, and Software Development",
657,Web Design,skills,2022-11-15 13:50:27 UTC,2022-12-05 19:53:17 UTC,"Web, Mobile, and Software Development",
656,UX/UI Design,skills,2022-11-15 13:50:27 UTC,2022-12-05 19:53:17 UTC,"Web, Mobile, and Software Development",
655,Prototyping,skills,2022-11-15 13:50:27 UTC,2022-12-05 19:53:17 UTC,"Web, Mobile, and Software Development",
654,Mobile Design,skills,2022-11-15 13:50:27 UTC,2022-12-05 19:53:16 UTC,"Web, Mobile, and Software Development",
653,Scripting & Automation,skills,2022-11-15 13:50:27 UTC,2022-12-05 19:53:16 UTC,"Web, Mobile, and Software Development",
652,Manual Testing,skills,2022-11-15 13:50:26 UTC,2022-12-05 19:53:16 UTC,"Web, Mobile, and Software Development",
651,Automation Testing,skills,2022-11-15 13:50:26 UTC,2022-12-05 19:53:16 UTC,"Web, Mobile, and Software Development",
650,Scrum Leadership,skills,2022-11-15 13:50:26 UTC,2022-12-05 19:53:16 UTC,"Web, Mobile, and Software Development",
649,Agile Leadership,skills,2022-11-15 13:50:26 UTC,2022-12-05 19:53:16 UTC,"Web, Mobile, and Software Development",
648,Mobile Game Development,skills,2022-11-15 13:50:26 UTC,2022-12-05 19:53:16 UTC,"Web, Mobile, and Software Development",
647,Mobile App Development,skills,2022-11-15 13:50:26 UTC,2022-12-05 19:53:16 UTC,"Web, Mobile, and Software Development",
646,Video Game Development,skills,2022-11-15 13:50:26 UTC,2022-12-05 19:53:16 UTC,"Web, Mobile, and Software Development",
645,Crypto Wallet Development,skills,2022-11-15 13:50:26 UTC,2022-12-05 19:53:16 UTC,"Web, Mobile, and Software Development",
644,ECommerce Website Development,skills,2022-11-15 13:50:26 UTC,2022-12-05 19:53:16 UTC,"Web, Mobile, and Software Development",
643,Crypto Coins & Tokens,skills,2022-11-15 13:50:26 UTC,2022-12-05 19:53:16 UTC,"Web, Mobile, and Software Development",
642,Blockchain & NFT Development,skills,2022-11-15 13:50:26 UTC,2022-12-05 19:53:16 UTC,"Web, Mobile, and Software Development",
641,Desktop Software Development,skills,2022-11-15 13:50:26 UTC,2022-12-05 19:53:16 UTC,"Web, Mobile, and Software Development",
640,Sign Language Interpretation,skills,2022-11-15 13:50:26 UTC,2022-12-05 19:49:41 UTC,Translation,
639,Live Interpretation,skills,2022-11-15 13:50:26 UTC,2022-12-05 19:49:41 UTC,Translation,
638,Language Tutoring,skills,2022-11-15 13:50:26 UTC,2022-12-05 19:49:41 UTC,Translation,
637,Language Localization,skills,2022-11-15 13:50:26 UTC,2022-12-05 19:49:41 UTC,Translation,
636,General Translation Services,skills,2022-11-15 13:50:26 UTC,2022-12-05 19:49:41 UTC,Translation,
635,Technical Document Translation,skills,2022-11-15 13:50:26 UTC,2022-12-05 19:49:41 UTC,Translation,
634,Medical Document Translation,skills,2022-11-15 13:50:26 UTC,2022-12-05 19:49:41 UTC,Translation,
633,Legal Document Translation,skills,2022-11-15 13:50:26 UTC,2022-12-05 19:49:41 UTC,Translation,
632,Social Media Strategy,skills,2022-11-15 13:50:26 UTC,2022-12-05 19:53:16 UTC,Sales and Marketing,
631,Public Relations,skills,2022-11-15 13:50:26 UTC,2022-12-05 19:53:16 UTC,Sales and Marketing,
630,Marketing Strategy,skills,2022-11-15 13:50:26 UTC,2022-12-05 19:53:16 UTC,Sales and Marketing,
629,Content Strategy,skills,2022-11-15 13:50:26 UTC,2022-12-05 19:53:16 UTC,Sales and Marketing,
628,Brand Strategy,skills,2022-11-15 13:50:26 UTC,2022-12-05 19:53:16 UTC,Sales and Marketing,
627,Telemarketing,skills,2022-11-15 13:50:26 UTC,2022-12-05 19:53:16 UTC,Sales and Marketing,
626,Sales & Business Development,skills,2022-11-15 13:50:26 UTC,2022-12-05 19:53:16 UTC,Sales and Marketing,
625,Lead Generation,skills,2022-11-15 13:50:26 UTC,2022-12-05 19:53:16 UTC,Sales and Marketing,
624,Social Media Marketing,skills,2022-11-15 13:50:26 UTC,2022-12-05 19:53:16 UTC,Sales and Marketing,
623,SEO,skills,2022-11-15 13:50:26 UTC,2022-12-05 19:53:16 UTC,Sales and Marketing,
622,Search Engine Marketing,skills,2022-11-15 13:50:26 UTC,2022-12-05 19:53:16 UTC,Sales and Marketing,
621,Marketing Automation,skills,2022-11-15 13:50:26 UTC,2022-12-05 19:53:16 UTC,Sales and Marketing,
620,Email Marketing,skills,2022-11-15 13:50:26 UTC,2022-12-05 19:53:16 UTC,Sales and Marketing,
619,Display Advertising,skills,2022-11-15 13:50:26 UTC,2022-12-05 19:53:16 UTC,Sales and Marketing,
618,Campaign Management,skills,2022-11-15 13:50:26 UTC,2022-12-05 19:53:16 UTC,Sales and Marketing,
617,Regulatory Law,skills,2022-11-15 13:50:26 UTC,2022-12-05 19:49:41 UTC,Legal,
616,Labor & Employment Law,skills,2022-11-15 13:50:26 UTC,2022-12-05 19:49:41 UTC,Legal,
615,International Law,skills,2022-11-15 13:50:26 UTC,2022-12-05 19:49:41 UTC,Legal,
614,Immigration Law,skills,2022-11-15 13:50:26 UTC,2022-12-05 19:49:41 UTC,Legal,
613,Tax Law,skills,2022-11-15 13:50:26 UTC,2022-12-05 19:49:41 UTC,Legal,
612,Securities & Finance Law,skills,2022-11-15 13:50:26 UTC,2022-12-05 19:49:41 UTC,Legal,
611,Paralegal Services,skills,2022-11-15 13:50:26 UTC,2022-12-05 19:49:41 UTC,Legal,
610,Intellectual Property Law,skills,2022-11-15 13:50:26 UTC,2022-12-05 19:49:41 UTC,Legal,
609,General Counsel,skills,2022-11-15 13:50:26 UTC,2022-12-05 19:49:41 UTC,Legal,
608,Business & Corporate Law,skills,2022-11-15 13:50:26 UTC,2022-12-05 19:49:41 UTC,Legal,
607,Solution Architecture,skills,2022-11-15 13:50:26 UTC,2022-12-05 19:53:16 UTC,IT and Networking,
606,DevOps Engineering,skills,2022-11-15 13:50:26 UTC,2022-12-05 19:53:16 UTC,IT and Networking,
605,Cloud Engineering,skills,2022-11-15 13:50:26 UTC,2022-12-05 19:53:16 UTC,IT and Networking,
604,Systems Administration,skills,2022-11-15 13:50:26 UTC,2022-12-05 19:53:16 UTC,IT and Networking,
603,Network Administration,skills,2022-11-15 13:50:26 UTC,2022-12-05 19:53:16 UTC,IT and Networking,
602,Network Security,skills,2022-11-15 13:50:26 UTC,2022-12-05 19:53:16 UTC,IT and Networking,
601,IT Compliance,skills,2022-11-15 13:50:26 UTC,2022-12-05 19:53:16 UTC,IT and Networking,
600,Information Security,skills,2022-11-15 13:50:26 UTC,2022-12-05 19:53:16 UTC,IT and Networking,
599,Systems Engineering,skills,2022-11-15 13:50:26 UTC,2022-12-05 19:53:16 UTC,IT and Networking,
598,Business Applications Development,skills,2022-11-15 13:50:26 UTC,2022-12-05 19:53:16 UTC,IT and Networking,
597,Database Administration,skills,2022-11-15 13:50:26 UTC,2022-12-05 19:53:16 UTC,IT and Networking,
596,STEM Tutoring,skills,2022-11-15 13:50:26 UTC,2022-12-05 19:53:16 UTC,Engineering and Architecture,
595,Physics,skills,2022-11-15 13:50:26 UTC,2022-12-05 19:53:16 UTC,Engineering and Architecture,
594,Mathematics,skills,2022-11-15 13:50:26 UTC,2022-12-05 19:53:16 UTC,Engineering and Architecture,
593,Chemistry,skills,2022-11-15 13:50:26 UTC,2022-12-05 19:53:16 UTC,Engineering and Architecture,
592,Biology,skills,2022-11-15 13:50:26 UTC,2022-12-05 19:53:16 UTC,Engineering and Architecture,
591,Trade Show Design,skills,2022-11-15 13:50:26 UTC,2022-12-05 19:53:16 UTC,Engineering and Architecture,
590,Interior Design,skills,2022-11-15 13:50:26 UTC,2022-12-05 19:53:16 UTC,Engineering and Architecture,
589,Energy Engineering,skills,2022-11-15 13:50:26 UTC,2022-12-05 19:53:16 UTC,Engineering and Architecture,
588,Mechanical Engineering,skills,2022-11-15 13:50:26 UTC,2022-12-05 19:53:16 UTC,Engineering and Architecture,
587,Electronic Engineering,skills,2022-11-15 13:50:26 UTC,2022-12-05 19:53:16 UTC,Engineering and Architecture,
586,Electrical Engineering,skills,2022-11-15 13:50:26 UTC,2022-12-05 19:53:16 UTC,Engineering and Architecture,
585,Sourcing & Procurement,skills,2022-11-15 13:50:26 UTC,2022-12-05 19:53:16 UTC,Engineering and Architecture,
584,Logistics & Supply Chain Management,skills,2022-11-15 13:50:26 UTC,2022-12-05 19:53:16 UTC,Engineering and Architecture,
583,Structural Engineering,skills,2022-11-15 13:50:26 UTC,2022-12-05 19:53:16 UTC,Engineering and Architecture,
582,Civil Engineering,skills,2022-11-15 13:50:26 UTC,2022-12-05 19:53:16 UTC,Engineering and Architecture,
581,Building Information Modeling,skills,2022-11-15 13:50:26 UTC,2022-12-05 19:53:16 UTC,Engineering and Architecture,
580,Chemical & Process Engineering,skills,2022-11-15 13:50:26 UTC,2022-12-05 19:53:16 UTC,Engineering and Architecture,
579,Landscape Architecture,skills,2022-11-15 13:50:26 UTC,2022-12-05 19:53:16 UTC,Engineering and Architecture,
578,Architectural Design,skills,2022-11-15 13:50:26 UTC,2022-12-05 19:53:16 UTC,Engineering and Architecture,
577,CAD,skills,2022-11-15 13:50:26 UTC,2022-12-05 19:53:16 UTC,Engineering and Architecture,
576,3D Modeling & Rendering,skills,2022-11-15 13:50:26 UTC,2022-12-05 19:53:16 UTC,Engineering and Architecture,
575,Visual Effects,skills,2022-11-15 13:50:26 UTC,2022-12-05 19:53:16 UTC,Design and Creative,
574,Videography,skills,2022-11-15 13:50:26 UTC,2022-12-05 19:53:16 UTC,Design and Creative,
573,Video Production,skills,2022-11-15 13:50:26 UTC,2022-12-05 19:53:16 UTC,Design and Creative,
572,Video Editing,skills,2022-11-15 13:50:26 UTC,2022-12-05 19:53:16 UTC,Design and Creative,
571,Motion Graphics,skills,2022-11-15 13:50:26 UTC,2022-12-05 19:53:16 UTC,Design and Creative,
570,3D Animation,skills,2022-11-15 13:50:26 UTC,2022-12-05 19:53:15 UTC,Design and Creative,
569,2D Animation,skills,2022-11-15 13:50:26 UTC,2022-12-05 19:53:15 UTC,Design and Creative,
568,Product & Industrial Design,skills,2022-11-15 13:50:26 UTC,2022-12-05 19:53:15 UTC,Design and Creative,
567,Jewelry Design,skills,2022-11-15 13:50:26 UTC,2022-12-05 19:53:15 UTC,Design and Creative,
566,Fashion Design,skills,2022-11-15 13:50:26 UTC,2022-12-05 19:53:15 UTC,Design and Creative,
565,Product Photography,skills,2022-11-15 13:50:26 UTC,2022-12-05 19:53:15 UTC,Design and Creative,
564,Local Photography,skills,2022-11-15 13:50:26 UTC,2022-12-05 19:53:15 UTC,Design and Creative,
563,Voice Talent,skills,2022-11-15 13:50:26 UTC,2022-12-05 19:53:15 UTC,Design and Creative,
562,Singing,skills,2022-11-15 13:50:26 UTC,2022-12-05 19:53:15 UTC,Design and Creative,
561,Music Performance,skills,2022-11-15 13:50:26 UTC,2022-12-05 19:53:15 UTC,Design and Creative,
560,Acting,skills,2022-11-15 13:50:26 UTC,2022-12-05 19:53:15 UTC,Design and Creative,
559,Presentation Design,skills,2022-11-15 13:50:26 UTC,2022-12-05 19:53:15 UTC,Design and Creative,
558,Packaging Design,skills,2022-11-15 13:50:26 UTC,2022-12-05 19:53:15 UTC,Design and Creative,
557,Image Editing,skills,2022-11-15 13:50:26 UTC,2022-12-05 19:53:15 UTC,Design and Creative,
556,Graphic Design,skills,2022-11-15 13:50:26 UTC,2022-12-05 19:53:15 UTC,Design and Creative,
555,Editorial Design,skills,2022-11-15 13:50:26 UTC,2022-12-05 19:53:15 UTC,Design and Creative,
554,Creative Direction,skills,2022-11-15 13:50:26 UTC,2022-12-05 19:53:15 UTC,Design and Creative,
553,Art Direction,skills,2022-11-15 13:50:26 UTC,2022-12-05 19:53:15 UTC,Design and Creative,
552,NFT Art,skills,2022-11-15 13:50:26 UTC,2022-12-05 19:53:15 UTC,Design and Creative,
551,Game Art,skills,2022-11-15 13:50:26 UTC,2022-12-05 19:53:15 UTC,Design and Creative,
550,AR/VR Design,skills,2022-11-15 13:50:26 UTC,2022-12-05 19:53:15 UTC,Design and Creative,
549,Logo Design,skills,2022-11-15 13:50:26 UTC,2022-12-05 19:53:15 UTC,Design and Creative,
548,Brand Identity Design,skills,2022-11-15 13:50:26 UTC,2022-12-05 19:53:15 UTC,Design and Creative,
547,Music Production,skills,2022-11-15 13:50:26 UTC,2022-12-05 19:53:15 UTC,Design and Creative,
546,Songwriting & Music Composition,skills,2022-11-15 13:50:26 UTC,2022-12-05 19:53:15 UTC,Design and Creative,
545,Audio Production,skills,2022-11-15 13:50:26 UTC,2022-12-05 19:53:15 UTC,Design and Creative,
544,Audio Editing,skills,2022-11-15 13:50:26 UTC,2022-12-05 19:53:15 UTC,Design and Creative,
543,Pattern Design,skills,2022-11-15 13:50:26 UTC,2022-12-05 19:53:15 UTC,Design and Creative,
542,Illustration,skills,2022-11-15 13:50:26 UTC,2022-12-05 19:53:15 UTC,Design and Creative,
541,Fine Art,skills,2022-11-15 13:50:26 UTC,2022-12-05 19:53:15 UTC,Design and Creative,
540,Cartoons & Comics,skills,2022-11-15 13:50:26 UTC,2022-12-05 19:53:15 UTC,Design and Creative,
539,Portraits & Caricatures,skills,2022-11-15 13:50:26 UTC,2022-12-05 19:53:15 UTC,Design and Creative,
538,Data Mining,skills,2022-11-15 13:50:26 UTC,2022-12-05 19:53:15 UTC,Data Science and Analysis,
537,Data Engineering,skills,2022-11-15 13:50:26 UTC,2022-12-05 19:53:15 UTC,Data Science and Analysis,
536,Data Processing,skills,2022-11-15 13:50:26 UTC,2022-12-05 19:53:15 UTC,Data Science and Analysis,
535,Data Extraction,skills,2022-11-15 13:50:26 UTC,2022-12-05 19:53:15 UTC,Data Science and Analysis,
534,Data Visualization,skills,2022-11-15 13:50:26 UTC,2022-12-05 19:53:15 UTC,Data Science and Analysis,
533,Experimentation & Testing,skills,2022-11-15 13:50:26 UTC,2022-12-05 19:53:15 UTC,Data Science and Analysis,
532,Data Analytics,skills,2022-11-15 13:50:26 UTC,2022-12-05 19:53:15 UTC,Data Science and Analysis,
531,A/B Testing,skills,2022-11-15 13:50:26 UTC,2022-12-05 19:53:15 UTC,Data Science and Analysis,
530,Machine Learning,skills,2022-11-15 13:50:26 UTC,2022-12-05 19:53:15 UTC,Data Science and Analysis,
529,Knowledge Representation,skills,2022-11-15 13:50:26 UTC,2022-12-05 19:53:15 UTC,Data Science and Analysis,
528,Deep Learning,skills,2022-11-15 13:50:26 UTC,2022-12-05 19:53:15 UTC,Data Science and Analysis,
527,Tech Support,skills,2022-11-15 13:50:26 UTC,2022-12-05 19:49:40 UTC,Customer Service,
526,IT Support,skills,2022-11-15 13:50:26 UTC,2022-12-05 19:53:15 UTC,Customer Service,
525,Customer Onboarding,skills,2022-11-15 13:50:26 UTC,2022-12-05 19:49:40 UTC,Customer Service,
524,Customer Success,skills,2022-11-15 13:50:26 UTC,2022-12-05 19:49:40 UTC,Customer Service,
523,"Email, Phone & Chat Support",skills,2022-11-15 13:50:26 UTC,2022-12-05 19:49:40 UTC,Customer Service,
522,Visual Tagging & Processing,skills,2022-11-15 13:50:26 UTC,2022-12-05 19:49:40 UTC,Customer Service,
521,Content Moderation,skills,2022-11-15 13:50:26 UTC,2022-12-05 19:49:40 UTC,Customer Service,
520,Community Management,skills,2022-11-15 13:50:26 UTC,2022-12-05 19:49:40 UTC,Customer Service,
519,Supply Chain & Logistics Project Management,skills,2022-11-15 13:50:26 UTC,2022-12-05 19:49:40 UTC,Admin Support,
518,Healthcare Project Management,skills,2022-11-15 13:50:26 UTC,2022-12-05 19:49:40 UTC,Admin Support,
517,Digital Project Management,skills,2022-11-15 13:50:26 UTC,2022-12-05 19:49:40 UTC,Admin Support,
516,Development & IT Project Management,skills,2022-11-15 13:50:26 UTC,2022-12-05 19:53:15 UTC,Admin Support,
515,Construction & Engineering Project Management,skills,2022-11-15 13:50:26 UTC,2022-12-05 19:49:40 UTC,Admin Support,
514,Personal Virtual Assistance,skills,2022-11-15 13:50:26 UTC,2022-12-05 19:49:40 UTC,Admin Support,
513,Medical Virtual Assistance,skills,2022-11-15 13:50:26 UTC,2022-12-05 19:49:40 UTC,Admin Support,
512,Legal Virtual Assistance,skills,2022-11-15 13:50:26 UTC,2022-12-05 19:49:40 UTC,Admin Support,
511,General Virtual Assistance,skills,2022-11-15 13:50:26 UTC,2022-12-05 19:49:40 UTC,Admin Support,
510,Executive Virtual Assistance,skills,2022-11-15 13:50:26 UTC,2022-12-05 19:49:40 UTC,Admin Support,
509,Web & Software Product Research,skills,2022-11-15 13:50:26 UTC,2022-12-05 19:49:40 UTC,Admin Support,
508,Quantitative Research,skills,2022-11-15 13:50:26 UTC,2022-12-05 19:49:39 UTC,Admin Support,
507,Qualitative Research,skills,2022-11-15 13:50:26 UTC,2022-12-05 19:49:39 UTC,Admin Support,
506,Product Reviews,skills,2022-11-15 13:50:26 UTC,2022-12-05 19:49:39 UTC,Admin Support,
505,General Research Services,skills,2022-11-15 13:50:26 UTC,2022-12-05 19:49:39 UTC,Admin Support,
504,Market Research,skills,2022-11-15 13:50:26 UTC,2022-12-05 19:49:39 UTC,Admin Support,
503,Transcription,skills,2022-11-15 13:50:26 UTC,2022-12-05 19:49:39 UTC,Admin Support,
502,Dropshipping & Order Processing,skills,2022-11-15 13:50:26 UTC,2022-12-05 19:49:39 UTC,Admin Support,
501,Business Project Management,skills,2022-11-15 13:50:26 UTC,2022-12-05 19:49:39 UTC,Admin Support,
500,Data Entry,skills,2022-11-15 13:50:26 UTC,2022-12-05 19:49:39 UTC,Admin Support,
499,Tax Preparation,skills,2022-11-15 13:50:26 UTC,2022-12-05 19:53:15 UTC,Accounting and Consulting,
498,Personal Coaching,skills,2022-11-15 13:50:26 UTC,2022-12-05 19:53:15 UTC,Accounting and Consulting,
497,Management Consulting,skills,2022-11-15 13:50:26 UTC,2022-12-05 19:53:15 UTC,Accounting and Consulting,
496,Instructional Design,skills,2022-11-15 13:50:26 UTC,2022-12-05 19:53:15 UTC,Accounting and Consulting,
495,Business Analysis & Strategy,skills,2022-11-15 13:50:26 UTC,2022-12-05 19:53:15 UTC,Accounting and Consulting,
494,Training & Development,skills,2022-11-15 13:50:26 UTC,2022-12-05 19:53:15 UTC,Accounting and Consulting,
493,Recruiting & Talent Sourcing,skills,2022-11-15 13:50:26 UTC,2022-12-05 19:53:15 UTC,Accounting and Consulting,
492,HR Administration,skills,2022-11-15 13:50:26 UTC,2022-12-05 19:53:15 UTC,Accounting and Consulting,
491,Financial Management/CFO,skills,2022-11-15 13:50:26 UTC,2022-12-05 19:53:15 UTC,Accounting and Consulting,
490,Financial Analysis & Modeling,skills,2022-11-15 13:50:26 UTC,2022-12-05 19:53:15 UTC,Accounting and Consulting,
489,Bookkeeping,skills,2022-11-15 13:50:26 UTC,2022-12-05 19:53:15 UTC,Accounting and Consulting,
488,Accounting and Consulting,skills,2022-11-15 13:50:26 UTC,2022-12-05 19:53:15 UTC,Accounting and Consulting,
487,Communications,skills,2022-11-14 21:53:34 UTC,2022-11-14 21:53:34 UTC,Soft Skills,
486,Technical Skills,skills,2022-11-14 19:57:32 UTC,2022-11-14 19:57:32 UTC,Technical Skills,
485,Web Conferencing,skills,2022-11-09 23:21:30 UTC,2022-11-09 23:21:30 UTC,Productivity Tools,
